	ID	汉字	常用	结构
0	1	一	1	单一
1	2	乙	1	单一
2	3	二	1	单一
3	4	十	1	单一
4	5	丁	1	单一
5	6	厂	1	单一
6	7	七	1	单一
7	8	卜	1	单一
8	9	八	1	单一
9	10	人	1	单一
10	11	入	1	单一
11	12	儿	1	单一
12	13	匕	2	单一
13	14	几	1	单一
14	15	九	1	单一
15	16	刁	2	单一
16	17	了	1	单一
17	18	刀	1	单一
18	19	力	1	单一
19	20	乃	1	单一
20	21	又	1	单一
21	22	三	1	单一
22	23	干	1	单一
23	24	于	1	单一
24	25	亏	1	单一
25	26	工	1	单一
26	27	土	1	单一
27	28	士	1	单一
28	29	才	1	单一
29	30	下	1	单一
30	31	寸	1	单一
31	32	大	1	单一
32	33	丈	1	单一
33	34	与	1	单一
34	35	万	1	单一
35	36	上	1	单一
36	37	小	1	单一
37	38	口	1	单一
38	39	山	1	单一
39	40	巾	1	单一
40	41	千	1	上下
41	42	乞	1	单一
42	43	川	1	单一
43	44	亿	1	左右
44	45	个	1	单一
45	46	夕	1	单一
46	47	久	1	单一
47	48	么	1	单一
48	49	勺	1	单一
49	50	凡	1	单一
50	51	丸	1	单一
51	52	及	1	单一
52	53	广	1	单一
53	54	亡	1	单一
54	55	门	1	单一
55	56	义	1	单一
56	57	之	1	单一
57	58	尸	1	单一
58	59	己	1	单一
59	60	已	1	单一
60	61	弓	1	单一
61	62	子	1	单一
62	63	卫	1	单一
63	64	也	1	单一
64	65	女	1	单一
65	66	刃	1	单一
66	67	飞	1	单一
67	68	习	1	单一
68	69	叉	1	单一
69	70	马	1	单一
70	71	乡	1	单一
71	72	丰	1	单一
72	73	王	1	单一
73	74	开	1	单一
74	75	井	1	单一
75	76	天	1	上下
76	77	夫	1	单一
77	78	元	1	单一
78	79	无	1	单一
79	80	云	1	单一
80	81	专	1	单一
81	82	丐	2	单一
82	83	扎	1	左右
83	84	艺	1	上下
84	85	木	1	单一
85	86	五	1	单一
86	87	支	1	上下
87	88	厅	1	左上包
88	89	不	1	单一
89	90	犬	1	单一
90	91	太	1	单一
91	92	区	1	半包
92	93	历	1	左上包
93	94	歹	2	单一
94	95	友	1	左上包
95	96	尤	1	单一
96	97	匹	1	半包
97	98	车	1	单一
98	99	巨	1	单一
99	100	牙	1	单一
100	101	屯	1	单一
101	102	戈	2	单一
102	103	比	1	左右
103	104	互	1	单一
104	105	切	1	左右
105	106	瓦	1	单一
106	107	止	1	单一
107	108	少	1	上下
108	109	日	1	单一
109	110	中	1	单一
110	111	贝	1	单一
111	112	冈	1	上三包
112	113	内	1	单一
113	114	水	1	单一
114	115	见	1	上下
115	116	午	1	单一
116	117	牛	1	单一
117	118	手	1	单一
118	119	气	1	单一
119	120	毛	1	单一
120	121	升	1	单一
121	122	夭	2	单一
122	123	长	1	单一
123	124	仁	1	左右
124	125	什	1	左右
125	126	片	1	单一
126	127	仆	1	左右
127	128	化	1	左右
128	129	仇	1	左右
129	130	币	1	上下
130	131	仍	1	左右
131	132	仅	1	左右
132	133	斤	1	单一
133	134	爪	1	单一
134	135	反	1	左上包
135	136	介	1	上下
136	137	父	1	单一
137	138	从	1	左右
138	139	仑	2	上下
139	140	今	1	上下
140	141	凶	1	下三包
141	142	分	1	上下
142	143	乏	1	单一
143	144	公	1	上下
144	145	仓	1	上下
145	146	月	1	单一
146	147	氏	1	单一
147	148	勿	1	右上包
148	149	欠	1	单一
149	150	风	1	上三包
150	151	丹	1	单一
151	152	匀	1	右上包
152	153	乌	1	单一
153	154	勾	1	右上包
154	155	凤	1	上三包
155	156	六	1	上下
156	157	文	1	单一
157	158	方	1	单一
158	159	火	1	单一
159	160	为	1	单一
160	161	斗	1	单一
161	162	忆	1	左右
162	163	计	1	左右
163	164	订	1	左右
164	165	户	1	单一
165	166	认	1	左右
166	167	冗	2	上下
167	168	讥	2	左右
168	169	心	1	单一
169	170	尺	1	单一
170	171	引	1	左右
171	172	丑	1	单一
172	173	巴	1	单一
173	174	孔	1	左右
174	175	队	1	左右
175	176	办	1	单一
176	177	以	1	左右
177	178	允	1	单一
178	179	予	1	单一
179	180	邓	2	左右
180	181	劝	1	左右
181	182	双	1	左右
182	183	书	1	单一
183	184	幻	1	左右
184	185	玉	1	单一
185	186	刊	1	左右
186	187	未	1	单一
187	188	末	1	单一
188	189	示	1	单一
189	190	击	1	单一
190	191	打	1	左右
191	192	巧	1	左右
192	193	正	1	上下
193	194	扑	1	左右
194	195	扒	1	左右
195	196	功	1	左右
196	197	扔	1	左右
197	198	去	1	上下
198	199	甘	1	单一
199	200	世	1	单一
200	201	艾	2	上下
201	202	古	1	上下
202	203	节	1	上下
203	204	本	1	单一
204	205	术	1	单一
205	206	可	1	右上包
206	207	丙	1	单一
207	208	左	1	左上包
208	209	厉	1	左上包
209	210	石	1	左上包
210	211	右	1	左上包
211	212	布	1	左上包
212	213	夯	2	上下
213	214	龙	1	单一
214	215	平	1	单一
215	216	灭	1	上下
216	217	轧	1	左右
217	218	东	1	单一
218	219	卡	1	上下
219	220	北	1	左右
220	221	占	1	上下
221	222	凸	2	单一
222	223	卢	2	上下
223	224	业	1	单一
224	225	旧	1	左右
225	226	帅	1	左右
226	227	归	1	左右
227	228	旦	1	上下
228	229	目	1	单一
229	230	且	1	单一
230	231	叶	1	左右
231	232	甲	1	单一
232	233	申	1	单一
233	234	叮	1	左右
234	235	电	1	单一
235	236	号	1	上下
236	237	田	1	单一
237	238	由	1	单一
238	239	只	1	上下
239	240	叭	2	左右
240	241	史	1	单一
241	242	央	1	单一
242	243	兄	1	上下
243	244	叽	2	左右
244	245	叼	1	左右
245	246	叫	1	左右
246	247	叨	1	左右
247	248	另	1	上下
248	249	叹	1	左右
249	250	皿	2	单一
250	251	凹	2	单一
251	252	囚	2	全包
252	253	四	1	全包
253	254	生	1	单一
254	255	矢	2	单一
255	256	失	1	单一
256	257	乍	2	单一
257	258	禾	1	单一
258	259	丘	1	单一
259	260	付	1	左右
260	261	仗	1	左右
261	262	代	1	左右
262	263	仙	1	左右
263	264	们	1	左右
264	265	仪	1	左右
265	266	白	1	单一
266	267	仔	1	左右
267	268	他	1	左右
268	269	斥	1	单一
269	270	瓜	1	单一
270	271	乎	1	单一
271	272	丛	1	上下
272	273	令	1	上下
273	274	用	1	单一
274	275	甩	1	单一
275	276	印	1	左右
276	277	尔	2	单一
277	278	乐	1	单一
278	279	句	1	右上包
279	280	匆	1	单一
280	281	册	1	单一
281	282	犯	1	左右
282	283	外	1	左右
283	284	处	1	左下包
284	285	冬	1	上下
285	286	鸟	1	单一
286	287	务	1	上下
287	288	包	1	右上包
288	289	饥	1	左右
289	290	主	1	单一
290	291	市	1	上下
291	292	立	1	单一
292	293	冯	2	左右
293	294	玄	2	单一
294	295	闪	1	上三包
295	296	兰	1	上下
296	297	半	1	单一
297	298	汁	1	左右
298	299	汇	1	左右
299	300	头	1	单一
300	301	汉	1	左右
301	302	宁	1	上下
302	303	穴	1	单一
303	304	它	1	上下
304	305	讨	1	左右
305	306	写	1	上下
306	307	让	1	左右
307	308	礼	1	左右
308	309	训	1	左右
309	310	议	1	左右
310	311	必	1	单一
311	312	讯	1	左右
312	313	记	1	左右
313	314	永	1	单一
314	315	司	1	右上包
315	316	尼	1	左上包
316	317	民	1	单一
317	318	出	1	单一
318	319	辽	1	左下包
319	320	奶	1	左右
320	321	奴	1	左右
321	322	召	1	上下
322	323	加	1	左右
323	324	皮	1	单一
324	325	边	1	左下包
325	326	孕	1	上下
326	327	发	1	单一
327	328	圣	1	上下
328	329	对	1	左右
329	330	台	1	上下
330	331	矛	1	右上包
331	332	纠	1	左右
332	333	母	1	单一
333	334	幼	1	左右
334	335	丝	1	上下
335	336	邦	2	左右
336	337	式	1	右上包
337	338	迂	2	左下包
338	339	刑	1	左右
339	340	邢	2	左右
340	341	动	1	左右
341	342	扛	1	左右
342	343	寺	1	上下
343	344	吉	1	上下
344	345	扣	1	左右
345	346	考	1	上下
346	347	托	1	左右
347	348	老	1	上下
348	349	巩	1	左右
349	350	圾	1	左右
350	351	执	1	左右
351	352	扩	1	左右
352	353	扫	1	左右
353	354	地	1	左右
354	355	场	1	左右
355	356	扬	1	左右
356	357	耳	1	单一
357	358	芋	2	上下
358	359	共	1	上下
359	360	芍	2	上下
360	361	芒	1	上下
361	362	亚	1	单一
362	363	芝	1	上下
363	364	朽	1	左右
364	365	朴	1	左右
365	366	机	1	左右
366	367	权	1	左右
367	368	过	1	左下包
368	369	臣	1	单一
369	370	吏	2	上下
370	371	再	1	上下
371	372	协	1	左右
372	373	西	1	单一
373	374	压	1	左上包
374	375	厌	1	左上包
375	376	在	1	左上包
376	377	百	1	上下
377	378	有	1	上下
378	379	存	1	左上包
379	380	而	1	单一
380	381	页	1	单一
381	382	匠	1	半包
382	383	夸	1	上下
383	384	夺	1	上下
384	385	灰	1	左上包
385	386	达	1	左下包
386	387	列	1	左右
387	388	死	1	左右
388	389	成	1	单一
389	390	夹	1	单一
390	391	夷	2	镶嵌
391	392	轨	1	左右
392	393	邪	1	左右
393	394	划	1	左右
394	395	迈	1	左下包
395	396	毕	1	上下
396	397	至	1	上下
397	398	此	1	左右
398	399	贞	1	上下
399	400	师	1	左右
400	401	尘	1	上下
401	402	尖	1	上下
402	403	劣	1	上下
403	404	光	1	上下
404	405	当	1	上下
405	406	早	1	上下
406	407	吁	2	左右
407	408	吐	1	左右
408	409	吓	1	左右
409	410	虫	1	单一
410	411	曲	1	单一
411	412	团	1	全包
412	413	吕	2	上下
413	414	同	1	上三包
414	415	吊	1	上下
415	416	吃	1	左右
416	417	因	1	全包
417	418	吸	1	左右
418	419	吗	1	左右
419	420	吆	2	左右
420	421	屿	1	左右
421	422	屹	2	左右
422	423	岁	1	上下
423	424	帆	1	左右
424	425	回	1	全包
425	426	岂	1	上下
426	427	则	1	左右
427	428	刚	1	左右
428	429	网	1	上三包
429	430	肉	1	单一
430	431	年	1	上下
431	432	朱	1	单一
432	433	先	1	上下
433	434	丢	1	上下
434	435	廷	2	左下包
435	436	舌	1	单一
436	437	竹	1	单一
437	438	迁	1	左下包
438	439	乔	1	上下
439	440	迄	2	左下包
440	441	伟	1	左右
441	442	传	1	左右
442	443	乒	1	上下
443	444	乓	1	上下
444	445	休	1	左右
445	446	伍	1	左右
446	447	伏	1	左右
447	448	优	1	左右
448	449	臼	2	单一
449	450	伐	1	左右
450	451	延	1	左下包
451	452	仲	2	左右
452	453	件	1	左右
453	454	任	1	左右
454	455	伤	1	左右
455	456	价	1	左右
456	457	伦	2	左右
457	458	份	1	左右
458	459	华	1	上下
459	460	仰	1	左右
460	461	仿	1	左右
461	462	伙	1	左右
462	463	伪	1	左右
463	464	自	1	单一
464	465	伊	2	左右
465	466	血	1	单一
466	467	向	1	上三包
467	468	似	1	左右
468	469	后	1	左上包
469	470	行	1	左右
470	471	舟	1	单一
471	472	全	1	上下
472	473	会	1	上下
473	474	杀	1	上下
474	475	合	1	上中下
475	476	兆	1	左右
476	477	企	1	上下
477	478	众	1	品字
478	479	爷	1	上下
479	480	伞	1	上下
480	481	创	1	左右
481	482	肌	1	左右
482	483	肋	2	左右
483	484	朵	1	上下
484	485	杂	1	上下
485	486	危	1	上下
486	487	旬	1	右上包
487	488	旨	1	上下
488	489	旭	2	左下包
489	490	负	1	上下
490	491	匈	2	右上包
491	492	名	1	上下
492	493	各	1	上下
493	494	多	1	上下
494	495	凫	2	上下
495	496	争	1	上下
496	497	色	1	上下
497	498	壮	1	左右
498	499	冲	1	左右
499	500	妆	2	左右
500	501	冰	1	左右
501	502	庄	1	左上包
502	503	庆	1	左上包
503	504	亦	1	单一
504	505	刘	1	左右
505	506	齐	1	上下
506	507	交	1	上下
507	508	衣	1	单一
508	509	次	1	左右
509	510	产	1	单一
510	511	决	1	左右
511	512	亥	2	单一
512	513	充	1	上下
513	514	妄	1	上下
514	515	闭	1	上三包
515	516	问	1	上三包
516	517	闯	1	上三包
517	518	羊	1	单一
518	519	并	1	上下
519	520	关	1	上下
520	521	米	1	单一
521	522	灯	1	左右
522	523	州	1	单一
523	524	汗	1	左右
524	525	污	1	左右
525	526	江	1	左右
526	527	汛	2	左右
527	528	池	1	左右
528	529	汤	1	左右
529	530	忙	1	左右
530	531	兴	1	上下
531	532	宇	1	上下
532	533	守	1	上下
533	534	宅	1	上下
534	535	字	1	上下
535	536	安	1	上下
536	537	讲	1	左右
537	538	讳	2	左右
538	539	军	1	上下
539	540	讶	2	左右
540	541	许	1	左右
541	542	讹	2	左右
542	543	论	1	左右
543	544	讼	2	左右
544	545	农	1	单一
545	546	讽	1	左右
546	547	设	1	左右
547	548	访	1	左右
548	549	诀	2	左右
549	550	寻	1	上下
550	551	那	1	左右
551	552	迅	1	左下包
552	553	尽	1	上下
553	554	导	1	上下
554	555	异	1	上下
555	556	弛	2	左右
556	557	阱	2	左右
557	558	孙	1	左右
558	559	阵	1	左右
559	560	阳	1	左右
560	561	收	1	左右
561	562	阶	1	左右
562	563	阴	1	左右
563	564	防	1	左右
564	565	奸	1	左右
565	566	如	1	左右
566	567	妇	1	左右
567	568	好	1	左右
568	569	她	1	左右
569	570	妈	1	左右
570	571	戏	1	左右
571	572	羽	1	左右
572	573	观	1	左右
573	574	欢	1	左右
574	575	买	1	上下
575	576	红	1	左右
576	577	驮	2	左右
577	578	纤	1	左右
578	579	驯	2	左右
579	580	约	1	左右
580	581	级	1	左右
581	582	纪	1	左右
582	583	驰	1	左右
583	584	纫	2	左右
584	585	巡	1	左下包
585	586	寿	1	上下
586	587	弄	1	上下
587	588	麦	1	单一
588	589	玖	2	左右
589	590	玛	2	左右
590	591	形	1	左右
591	592	进	1	左下包
592	593	戒	1	右上包
593	594	吞	1	上下
594	595	远	1	左下包
595	596	违	1	左下包
596	597	韧	2	左右
597	598	运	1	左下包
598	599	扶	1	左右
599	600	抚	1	左右
600	601	坛	1	左右
601	602	技	1	左右
602	603	坏	1	左右
603	604	抠	2	左右
604	605	扰	1	左右
605	606	扼	2	左右
606	607	拒	1	左右
607	608	找	1	左右
608	609	批	1	左右
609	610	址	1	左右
610	611	扯	1	左右
611	612	走	1	上下
612	613	抄	1	左右
613	614	贡	1	上下
614	615	汞	2	上下
615	616	坝	1	左右
616	617	攻	1	左右
617	618	赤	1	单一
618	619	折	1	左右
619	620	抓	1	左右
620	621	扳	2	左右
621	622	抡	2	左右
622	623	扮	1	左右
623	624	抢	1	左右
624	625	孝	1	上下
625	626	坎	2	左右
626	627	均	1	左右
627	628	坞	2	左右
628	629	抑	2	左中右
629	630	抛	1	左右
630	631	投	1	左右
631	632	坟	1	左右
632	633	坑	1	左右
633	634	抗	1	左右
634	635	坊	1	左右
635	636	抖	1	左右
636	637	护	1	左右
637	638	壳	1	上下
638	639	志	1	上下
639	640	块	1	左右
640	641	扭	1	左右
641	642	声	1	上下
642	643	把	1	左右
643	644	报	1	左右
644	645	拟	2	左右
645	646	却	1	左右
646	647	抒	2	左右
647	648	劫	1	左右
648	649	芙	2	上下
649	650	芜	2	上下
650	651	苇	2	上下
651	652	芽	1	上下
652	653	花	1	上下
653	654	芹	1	上下
654	655	芥	2	上下
655	656	芬	1	上下
656	657	苍	1	上下
657	658	芳	1	上下
658	659	严	1	上下
659	660	芦	1	上下
660	661	芯	2	上下
661	662	劳	1	上下
662	663	克	1	上中下
663	664	芭	2	上下
664	665	苏	1	上下
665	666	杆	1	左右
666	667	杠	1	左右
667	668	杜	1	左右
668	669	材	1	左右
669	670	村	1	左右
670	671	杖	2	左右
671	672	杏	1	上下
672	673	杉	2	左右
673	674	巫	2	镶嵌
674	675	极	1	左右
675	676	李	1	上下
676	677	杨	1	左右
677	678	杈	2	左右
678	679	求	1	单一
679	680	甫	2	单一
680	681	匣	2	半包
681	682	更	1	单一
682	683	束	1	单一
683	684	豆	1	单一
684	685	两	1	单一
685	686	丽	1	上下
686	687	医	1	半包
687	688	辰	1	单一
688	689	励	1	左右
689	690	否	1	上下
690	691	还	1	左下包
691	692	歼	1	左右
692	693	来	1	单一
693	694	连	1	左下包
694	695	轩	2	左右
695	696	步	1	上下
696	697	卤	2	单一
697	698	坚	1	上下
698	699	肖	2	上下
699	700	旱	1	上下
700	701	盯	1	左右
701	702	呈	1	上下
702	703	时	1	左右
703	704	吴	1	上下
704	705	助	1	左右
705	706	县	1	上下
706	707	里	1	上下
707	708	呆	1	上下
708	709	吱	2	左右
709	710	吠	2	左右
710	711	呕	2	左右
711	712	园	1	全包
712	713	旷	1	左右
713	714	围	1	全包
714	715	呀	1	左右
715	716	吨	1	左右
716	717	足	1	上下
717	718	邮	1	左右
718	719	男	1	上下
719	720	困	1	全包
720	721	吵	1	左右
721	722	串	1	单一
722	723	员	1	上下
723	724	呐	2	左右
724	725	听	1	左右
725	726	吟	2	左右
726	727	吩	1	左右
727	728	呛	2	左右
728	729	吻	2	左右
729	730	吹	1	左右
730	731	呜	1	左右
731	732	吭	2	左右
732	733	吧	1	左右
733	734	邑	2	上下
734	735	吼	1	左中右
735	736	囤	2	全包
736	737	别	1	左右
737	738	吮	2	左右
738	739	岖	2	左右
739	740	岗	1	上下
740	741	帐	1	左右
741	742	财	1	左右
742	743	针	1	左右
743	744	钉	1	左右
744	745	牡	2	左右
745	746	告	1	上下
746	747	我	1	左右
747	748	乱	1	左右
748	749	利	1	左右
749	750	秃	1	上下
750	751	秀	1	上下
751	752	私	1	左右
752	753	每	1	上下
753	754	兵	1	上下
754	755	估	1	左右
755	756	体	1	左右
756	757	何	1	左右
757	758	佑	2	左右
758	759	但	1	左右
759	760	伸	1	左右
760	761	佃	2	左右
761	762	作	1	左右
762	763	伯	1	左右
763	764	伶	1	左右
764	765	佣	1	左右
765	766	低	1	左右
766	767	你	1	左右
767	768	住	1	左右
768	769	位	1	左右
769	770	伴	1	左右
770	771	身	1	单一
771	772	皂	1	上下
772	773	伺	2	左右
773	774	佛	1	左右
774	775	囱	2	单一
775	776	近	1	左下包
776	777	彻	1	左中右
777	778	役	1	左右
778	779	返	1	左下包
779	780	余	1	上下
780	781	希	1	上下
781	782	坐	1	上下
782	783	谷	1	上下
783	784	妥	1	上下
784	785	含	1	上下
785	786	邻	1	左右
786	787	岔	1	上下
787	788	肝	1	左右
788	789	肛	2	左右
789	790	肚	1	左右
790	791	肘	2	左右
791	792	肠	1	左右
792	793	龟	1	上下
793	794	甸	2	右上包
794	795	免	1	上下
795	796	狂	1	左右
796	797	犹	1	左右
797	798	狈	2	左右
798	799	角	1	单一
799	800	删	1	左右
800	801	鸠	2	左右
801	802	条	1	上下
802	803	彤	2	左右
803	804	卵	1	左右
804	805	灸	2	上下
805	806	岛	1	上下
806	807	刨	2	左右
807	808	迎	1	左下包
808	809	饭	1	左右
809	810	饮	1	左右
810	811	系	1	上下
811	812	言	1	单一
812	813	冻	1	左右
813	814	状	1	左右
814	815	亩	1	上下
815	816	况	1	左右
816	817	床	1	左上包
817	818	库	1	左上包
818	819	庇	2	左上包
819	820	疗	1	左上包
820	821	吝	2	上下
821	822	应	1	左上包
822	823	这	1	左下包
823	824	冷	1	左右
824	825	庐	2	左上包
825	826	序	1	左上包
826	827	辛	1	单一
827	828	弃	1	上下
828	829	冶	1	左右
829	830	忘	1	上下
830	831	闰	2	上三包
831	832	闲	1	上三包
832	833	间	1	上三包
833	834	闷	1	上三包
834	835	判	1	左右
835	836	兑	2	上中下
836	837	灶	1	左右
837	838	灿	1	左右
838	839	灼	2	左右
839	840	弟	1	单一
840	841	汪	1	左右
841	842	沐	2	左右
842	843	沛	2	左右
843	844	汰	2	左右
844	845	沥	2	左右
845	846	沙	1	左右
846	847	汽	1	左右
847	848	沃	1	左右
848	849	沦	2	左右
849	850	汹	2	左右
850	851	泛	1	左右
851	852	沧	2	左右
852	853	没	1	左右
853	854	沟	1	左右
854	855	沪	2	左右
855	856	沈	1	左右
856	857	沉	1	左右
857	858	怀	1	左右
858	859	忧	1	左右
859	860	忱	2	左右
860	861	快	1	左右
861	862	完	1	上下
862	863	宋	1	上下
863	864	宏	1	上下
864	865	牢	1	上下
865	866	究	1	上下
866	867	穷	1	上下
867	868	灾	1	上下
868	869	良	1	单一
869	870	证	1	左右
870	871	启	1	左上包
871	872	评	1	左右
872	873	补	1	左右
873	874	初	1	左右
874	875	社	1	左右
875	876	诅	2	左右
876	877	识	1	左右
877	878	诈	2	左右
878	879	诉	1	左右
879	880	罕	2	上下
880	881	诊	1	左右
881	882	词	1	左右
882	883	译	1	左右
883	884	君	1	上下
884	885	灵	1	上下
885	886	即	1	左右
886	887	层	1	左上包
887	888	屁	2	左上包
888	889	尿	1	左上包
889	890	尾	1	左上包
890	891	迟	1	左下包
891	892	局	1	左上包
892	893	改	1	左右
893	894	张	1	左右
894	895	忌	1	上下
895	896	际	1	左右
896	897	陆	1	左右
897	898	阿	1	左右
898	899	陈	1	左右
899	900	阻	1	左右
900	901	附	1	左右
901	902	坠	2	上下
902	903	妓	2	左右
903	904	妙	1	左右
904	905	妖	1	左右
905	906	姊	2	左右
906	907	妨	1	左右
907	908	妒	2	左右
908	909	努	1	上下
909	910	忍	1	上下
910	911	劲	1	左右
911	912	鸡	1	左右
912	913	纬	2	左右
913	914	驱	1	左右
914	915	纯	1	左右
915	916	纱	1	左右
916	917	纲	1	左右
917	918	纳	1	左右
918	919	驳	1	左右
919	920	纵	1	左右
920	921	纷	1	左右
921	922	纸	1	左右
922	923	纹	1	左右
923	924	纺	1	左右
924	925	驴	1	左右
925	926	纽	1	左右
926	927	奉	1	上下
927	928	玩	1	左右
928	929	环	1	左右
929	930	武	1	右上包
930	931	青	1	上下
931	932	责	1	上下
932	933	现	1	左右
933	934	玫	2	左右
934	935	表	1	上下
935	936	规	1	左右
936	937	抹	1	左右
937	938	卦	2	左右
938	939	坷	2	左右
939	940	坯	2	左右
940	941	拓	2	左右
941	942	拢	1	左右
942	943	拔	1	左右
943	944	坪	2	左右
944	945	拣	1	左右
945	946	坦	1	左右
946	947	担	1	左右
947	948	坤	2	左右
948	949	押	1	左右
949	950	抽	1	左右
950	951	拐	1	左右
951	952	拖	1	左右
952	953	者	1	上下
953	954	拍	1	左右
954	955	顶	1	左右
955	956	拆	1	左右
956	957	拥	1	左右
957	958	抵	1	左右
958	959	拘	1	左右
959	960	势	1	上下
960	961	抱	1	左右
961	962	拄	2	左右
962	963	垃	1	左右
963	964	拉	1	左右
964	965	拦	1	左右
965	966	幸	1	上下
966	967	拌	1	左右
967	968	拧	2	左右
968	969	拂	2	左右
969	970	拙	2	左右
970	971	招	1	左右
971	972	坡	1	左右
972	973	披	1	左右
973	974	拨	1	左右
974	975	择	1	左右
975	976	抬	1	左右
976	977	拇	2	左右
977	978	拗	2	左右
978	979	其	1	单一
979	980	取	1	左右
980	981	茉	2	上下
981	982	苦	1	上下
982	983	昔	2	上下
983	984	苛	2	上下
984	985	若	1	上下
985	986	茂	1	上下
986	987	苹	1	上下
987	988	苫	2	上下
988	989	苗	1	上下
989	990	英	1	上下
990	991	苟	2	上下
991	992	苞	2	上下
992	993	范	1	上下
993	994	直	1	上下
994	995	茁	2	上下
995	996	茄	1	上下
996	997	茎	1	上下
997	998	苔	2	上中下
998	999	茅	1	上下
999	1000	枉	2	左右
1000	1001	林	1	左右
1001	1002	枝	1	左右
1002	1003	杯	1	左右
1003	1004	枢	2	左右
1004	1005	柜	1	左右
1005	1006	枚	2	左右
1006	1007	析	1	左右
1007	1008	板	1	左右
1008	1009	松	1	左右
1009	1010	枪	1	左右
1010	1011	枫	2	左右
1011	1012	构	1	左右
1012	1013	杭	2	左右
1013	1014	杰	1	上下
1014	1015	述	1	左下包
1015	1016	枕	1	左右
1016	1017	丧	1	上下
1017	1018	或	1	右上包
1018	1019	画	1	下三包
1019	1020	卧	1	左右
1020	1021	事	1	上下
1021	1022	刺	1	左右
1022	1023	枣	1	上下
1023	1024	雨	1	单一
1024	1025	卖	1	上下
1025	1026	郁	2	左右
1026	1027	矾	2	左右
1027	1028	矿	1	左右
1028	1029	码	1	左右
1029	1030	厕	1	左上包
1030	1031	奈	2	上下
1031	1032	奔	1	上下
1032	1033	奇	1	上下
1033	1034	奄	2	上下
1034	1035	奋	1	上下
1035	1036	态	1	上下
1036	1037	欧	1	左右
1037	1038	殴	2	左右
1038	1039	垄	1	上下
1039	1040	妻	1	上下
1040	1041	轰	1	上下
1041	1042	顷	1	左右
1042	1043	转	1	左右
1043	1044	斩	1	左右
1044	1045	轮	1	左右
1045	1046	软	1	左右
1046	1047	到	1	左右
1047	1048	非	1	单一
1048	1049	叔	1	左右
1049	1050	歧	2	左右
1050	1051	肯	1	上下
1051	1052	齿	1	上下
1052	1053	些	1	上下
1053	1054	卓	2	上下
1054	1055	虎	1	左上包
1055	1056	虏	1	左上包
1056	1057	肾	1	上下
1057	1058	贤	1	上下
1058	1059	尚	1	上下
1059	1060	旺	1	左右
1060	1061	具	1	上下
1061	1062	昙	2	上下
1062	1063	味	1	左右
1063	1064	果	1	镶嵌
1064	1065	昆	1	上下
1065	1066	国	1	全包
1066	1067	哎	2	左右
1067	1068	咕	2	左右
1068	1069	昌	1	上下
1069	1070	呵	2	左右
1070	1071	畅	1	左右
1071	1072	明	1	左右
1072	1073	易	1	上下
1073	1074	咙	2	左右
1074	1075	昂	1	上下
1075	1076	典	1	上下
1076	1077	固	1	全包
1077	1078	忠	1	上下
1078	1079	呻	2	左右
1079	1080	咒	2	上下
1080	1081	咐	1	左右
1081	1082	呼	1	左右
1082	1083	鸣	1	左右
1083	1084	咆	2	左右
1084	1085	咏	1	左右
1085	1086	呢	1	左右
1086	1087	咖	2	左右
1087	1088	岸	1	上下
1088	1089	岩	1	上下
1089	1090	帖	1	左右
1090	1091	罗	1	上下
1091	1092	帜	1	左右
1092	1093	帕	2	左右
1093	1094	岭	1	左右
1094	1095	凯	1	左右
1095	1096	败	1	左右
1096	1097	账	2	左右
1097	1098	贩	1	左右
1098	1099	贬	2	左右
1099	1100	购	1	左右
1100	1101	贮	2	左右
1101	1102	图	1	全包
1102	1103	钓	1	左右
1103	1104	制	1	左右
1104	1105	知	1	左右
1105	1106	氛	2	右上包
1106	1107	垂	1	单一
1107	1108	牧	1	左右
1108	1109	物	1	左右
1109	1110	乖	1	单一
1110	1111	刮	1	左右
1111	1112	秆	1	左右
1112	1113	和	1	左右
1113	1114	季	1	上下
1114	1115	委	1	上下
1115	1116	秉	2	单一
1116	1117	佳	1	左右
1117	1118	侍	1	左右
1118	1119	岳	2	上下
1119	1120	供	1	左右
1120	1121	使	1	左右
1121	1122	例	1	左中右
1122	1123	侠	2	左右
1123	1124	侥	2	左右
1124	1125	版	1	左右
1125	1126	侄	1	左右
1126	1127	侦	1	左右
1127	1128	侣	2	左右
1128	1129	侧	1	左中右
1129	1130	凭	1	上下
1130	1131	侨	1	左右
1131	1132	佩	1	左右
1132	1133	货	1	上下
1133	1134	侈	2	左右
1134	1135	依	1	左右
1135	1136	卑	2	上下
1136	1137	的	1	左右
1137	1138	迫	1	左下包
1138	1139	质	1	左上包
1139	1140	欣	1	左右
1140	1141	征	1	左右
1141	1142	往	1	左右
1142	1143	爬	1	左右
1143	1144	彼	1	左右
1144	1145	径	1	左右
1145	1146	所	1	左右
1146	1147	舍	1	上下
1147	1148	金	1	上下
1148	1149	刽	2	左右
1149	1150	刹	2	左右
1150	1151	命	1	上下
1151	1152	肴	2	上下
1152	1153	斧	1	上下
1153	1154	爸	1	上下
1154	1155	采	1	上下
1155	1156	觅	2	上下
1156	1157	受	1	上下
1157	1158	乳	1	左右
1158	1159	贪	1	上下
1159	1160	念	1	上下
1160	1161	贫	1	上下
1161	1162	忿	2	上下
1162	1163	瓮	2	上下
1163	1164	肤	1	左右
1164	1165	肺	1	左右
1165	1166	肢	1	左右
1166	1167	肿	1	左右
1167	1168	胀	1	左右
1168	1169	朋	1	左右
1169	1170	股	1	左右
1170	1171	肮	2	左右
1171	1172	肪	2	左右
1172	1173	肥	1	左右
1173	1174	服	1	左右
1174	1175	胁	1	左右
1175	1176	周	1	上三包
1176	1177	昏	1	上下
1177	1178	鱼	1	上下
1178	1179	兔	1	上下
1179	1180	狐	1	左右
1180	1181	忽	1	上下
1181	1182	狗	1	左右
1182	1183	狞	2	左右
1183	1184	备	1	上下
1184	1185	饰	1	左右
1185	1186	饱	1	左右
1186	1187	饲	1	左右
1187	1188	变	1	上下
1188	1189	京	1	上中下
1189	1190	享	1	上下
1190	1191	庞	2	左上包
1191	1192	店	1	左上包
1192	1193	夜	1	上下
1193	1194	庙	1	左上包
1194	1195	府	1	左上包
1195	1196	底	1	左上包
1196	1197	疟	2	左上包
1197	1198	疙	2	左上包
1198	1199	疚	2	左上包
1199	1200	剂	1	左右
1200	1201	卒	2	上下
1201	1202	郊	1	左右
1202	1203	废	1	左上包
1203	1204	净	1	左右
1204	1205	盲	1	上下
1205	1206	放	1	左右
1206	1207	刻	1	左右
1207	1208	育	1	上下
1208	1209	氓	2	左右
1209	1210	闸	1	上三包
1210	1211	闹	1	上三包
1211	1212	郑	1	左右
1212	1213	券	1	上下
1213	1214	卷	1	上下
1214	1215	单	1	上下
1215	1216	炬	2	左右
1216	1217	炒	1	左右
1217	1218	炊	1	左右
1218	1219	炕	1	左右
1219	1220	炎	1	上下
1220	1221	炉	1	左右
1221	1222	沫	1	左右
1222	1223	浅	1	左右
1223	1224	法	1	左右
1224	1225	泄	1	左右
1225	1226	沽	2	左右
1226	1227	河	1	左右
1227	1228	沾	1	左右
1228	1229	泪	1	左右
1229	1230	沮	2	左右
1230	1231	油	1	左右
1231	1232	泊	1	左右
1232	1233	沿	1	左右
1233	1234	泡	1	左右
1234	1235	注	1	左右
1235	1236	泣	2	左右
1236	1237	泞	2	左右
1237	1238	泻	1	左右
1238	1239	泌	2	左右
1239	1240	泳	1	左右
1240	1241	泥	1	左右
1241	1242	沸	1	左右
1242	1243	沼	2	左右
1243	1244	波	1	左右
1244	1245	泼	1	左右
1245	1246	泽	1	左右
1246	1247	治	1	左右
1247	1248	怔	2	左右
1248	1249	怯	2	左右
1249	1250	怖	1	左右
1250	1251	性	1	左右
1251	1252	怕	1	左右
1252	1253	怜	1	左右
1253	1254	怪	1	左右
1254	1255	学	1	上下
1255	1256	宝	1	上下
1256	1257	宗	1	上下
1257	1258	定	1	上下
1258	1259	宠	2	上下
1259	1260	宜	1	上下
1260	1261	审	1	上下
1261	1262	宙	1	上下
1262	1263	官	1	上下
1263	1264	空	1	上下
1264	1265	帘	1	上下
1265	1266	宛	2	上下
1266	1267	实	1	上下
1267	1268	试	1	左右
1268	1269	郎	1	左右
1269	1270	诗	1	左右
1270	1271	肩	1	左上包
1271	1272	房	1	左上包
1272	1273	诚	1	左右
1273	1274	衬	1	左右
1274	1275	衫	1	左右
1275	1276	衩	2	左右
1276	1277	视	1	左右
1277	1278	祈	2	左右
1278	1279	话	1	左右
1279	1280	诞	1	左右
1280	1281	诡	2	左右
1281	1282	询	1	左右
1282	1283	该	1	左右
1283	1284	详	1	左右
1284	1285	建	1	左下包
1285	1286	肃	1	上下
1286	1287	录	1	上下
1287	1288	隶	1	单一
1288	1289	帚	2	上中下
1289	1290	屉	2	左上包
1290	1291	居	1	左上包
1291	1292	届	1	左上包
1292	1293	刷	1	左右
1293	1294	屈	1	左上包
1294	1295	弧	2	左右
1295	1296	弥	2	左右
1296	1297	弦	1	左右
1297	1298	承	1	单一
1298	1299	孟	1	上下
1299	1300	陋	2	左右
1300	1301	陌	2	左右
1301	1302	孤	1	左右
1302	1303	陕	1	左右
1303	1304	降	1	左右
1304	1305	函	2	下三包
1305	1306	限	1	左右
1306	1307	妹	1	左右
1307	1308	姑	1	左右
1308	1309	姐	1	左右
1309	1310	姓	1	左右
1310	1311	始	1	左右
1311	1312	姆	2	左右
1312	1313	虱	2	右上包
1313	1314	驾	1	上下
1314	1315	叁	2	上下
1315	1316	参	1	上下
1316	1317	艰	1	左右
1317	1318	线	1	左右
1318	1319	练	1	左右
1319	1320	组	1	左右
1320	1321	绅	2	左右
1321	1322	细	1	左右
1322	1323	驶	1	左右
1323	1324	织	1	左右
1324	1325	驹	2	左右
1325	1326	终	1	左右
1326	1327	驻	1	左右
1327	1328	绊	2	左右
1328	1329	驼	1	左右
1329	1330	绍	1	左右
1330	1331	绎	2	左右
1331	1332	经	1	左右
1332	1333	贯	1	上下
1333	1334	契	2	上下
1334	1335	贰	2	右上包
1335	1336	奏	1	上三包
1336	1337	春	1	上下
1337	1338	帮	1	上下
1338	1339	玷	2	左右
1339	1340	珍	1	左右
1340	1341	玲	2	左右
1341	1342	珊	2	左右
1342	1343	玻	1	左右
1343	1344	毒	1	上下
1344	1345	型	1	上下
1345	1346	拭	2	左右
1346	1347	挂	1	左右
1347	1348	封	1	左右
1348	1349	持	1	左右
1349	1350	拷	2	左右
1350	1351	拱	2	左右
1351	1352	项	1	左右
1352	1353	垮	1	左右
1353	1354	挎	1	左右
1354	1355	城	1	左右
1355	1356	挟	2	左右
1356	1357	挠	1	左右
1357	1358	政	1	左右
1358	1359	赴	1	左下包
1359	1360	赵	1	左下包
1360	1361	挡	1	左右
1361	1362	挺	1	左右
1362	1363	括	1	左右
1363	1364	垢	2	左右
1364	1365	拴	1	左右
1365	1366	拾	1	左右
1366	1367	挑	1	左右
1367	1368	垛	2	左右
1368	1369	指	1	左右
1369	1370	垫	1	上下
1370	1371	挣	1	左右
1371	1372	挤	1	左右
1372	1373	拼	1	左右
1373	1374	挖	1	左右
1374	1375	按	1	左右
1375	1376	挥	1	左右
1376	1377	挪	1	左右
1377	1378	拯	2	左右
1378	1379	某	1	上下
1379	1380	甚	1	上下
1380	1381	荆	2	左右
1381	1382	茸	2	上下
1382	1383	革	1	单一
1383	1384	茬	2	上下
1384	1385	荐	1	上下
1385	1386	巷	1	上下
1386	1387	荚	2	上下
1387	1388	带	1	上下
1388	1389	草	1	上下
1389	1390	茧	1	上下
1390	1391	茵	2	上下
1391	1392	茴	2	上下
1392	1393	荞	2	上下
1393	1394	茶	1	上下
1394	1395	荠	2	上下
1395	1396	荒	1	上下
1396	1397	茫	1	上下
1397	1398	荡	1	上下
1398	1399	荣	1	上下
1399	1400	荤	2	上下
1400	1401	荧	2	上中下
1401	1402	故	1	左右
1402	1403	胡	1	左右
1403	1404	荔	2	上下
1404	1405	南	1	上下
1405	1406	药	1	上下
1406	1407	标	1	左右
1407	1408	栈	2	左右
1408	1409	柑	2	左右
1409	1410	枯	1	左右
1410	1411	柄	1	左右
1411	1412	栋	1	左右
1412	1413	相	1	左右
1413	1414	查	1	上下
1414	1415	柏	1	左右
1415	1416	栅	2	左右
1416	1417	柳	1	左右
1417	1418	柱	1	左右
1418	1419	柿	1	左右
1419	1420	栏	1	左右
1420	1421	柠	2	左右
1421	1422	枷	2	左右
1422	1423	树	1	左中右
1423	1424	勃	2	左右
1424	1425	要	1	上下
1425	1426	柬	2	单一
1426	1427	咸	1	上三包
1427	1428	威	1	上三包
1428	1429	歪	1	上下
1429	1430	研	1	左右
1430	1431	砖	1	左右
1431	1432	厘	1	左上包
1432	1433	厚	1	左上包
1433	1434	砌	1	左右
1434	1435	砂	2	左右
1435	1436	泵	2	上下
1436	1437	砚	2	左右
1437	1438	砍	1	左右
1438	1439	面	1	单一
1439	1440	耐	1	左右
1440	1441	耍	1	上下
1441	1442	牵	1	上下
1442	1443	鸥	2	左右
1443	1444	残	1	左右
1444	1445	殃	1	左右
1445	1446	轴	2	左右
1446	1447	轻	1	左右
1447	1448	鸦	1	左右
1448	1449	皆	1	上下
1449	1450	韭	2	单一
1450	1451	背	1	上下
1451	1452	战	1	左右
1452	1453	点	1	上下
1453	1454	虐	2	左上包
1454	1455	临	1	左右
1455	1456	览	1	上下
1456	1457	竖	1	上下
1457	1458	省	1	上下
1458	1459	削	1	左右
1459	1460	尝	1	上下
1460	1461	昧	2	左右
1461	1462	盹	2	左右
1462	1463	是	1	上下
1463	1464	盼	1	左右
1464	1465	眨	1	左右
1465	1466	哄	1	左右
1466	1467	哑	1	左右
1467	1468	显	1	上下
1468	1469	冒	1	上下
1469	1470	映	1	左右
1470	1471	星	1	上下
1471	1472	昨	1	左右
1472	1473	咧	2	左右
1473	1474	昵	2	左右
1474	1475	昭	2	左右
1475	1476	畏	1	上下
1476	1477	趴	1	左右
1477	1478	胃	1	上下
1478	1479	贵	1	上下
1479	1480	界	1	上下
1480	1481	虹	1	左右
1481	1482	虾	1	左右
1482	1483	蚁	1	左右
1483	1484	思	1	上下
1484	1485	蚂	1	左右
1485	1486	盅	2	上下
1486	1487	虽	1	上下
1487	1488	品	1	品字
1488	1489	咽	1	左右
1489	1490	骂	1	上下
1490	1491	勋	2	左右
1491	1492	哗	1	左右
1492	1493	咱	1	左右
1493	1494	响	1	左右
1494	1495	哈	1	左右
1495	1496	哆	2	左右
1496	1497	咬	1	左右
1497	1498	咳	1	左右
1498	1499	咪	2	左右
1499	1500	哪	1	左右
1500	1501	哟	2	左中右
1501	1502	炭	1	上下
1502	1503	峡	1	左右
1503	1504	罚	1	上下
1504	1505	贱	1	左右
1505	1506	贴	1	左右
1506	1507	骨	1	上下
1507	1508	幽	2	镶嵌
1508	1509	钙	2	左右
1509	1510	钝	2	左右
1510	1511	钞	1	左右
1511	1512	钟	1	左右
1512	1513	钢	1	左右
1513	1514	钠	2	左右
1514	1515	钥	1	左右
1515	1516	钦	2	左右
1516	1517	钧	2	左右
1517	1518	钩	1	左右
1518	1519	钮	2	左右
1519	1520	卸	1	左右
1520	1521	缸	1	左右
1521	1522	拜	1	左右
1522	1523	看	1	上下
1523	1524	矩	1	左右
1524	1525	毡	2	左下包
1525	1526	氢	2	右上包
1526	1527	怎	1	上下
1527	1528	牲	1	左右
1528	1529	选	1	左下包
1529	1530	适	1	左下包
1530	1531	秕	2	左右
1531	1532	秒	1	左右
1532	1533	香	1	上下
1533	1534	种	1	左右
1534	1535	秋	1	左右
1535	1536	科	1	左右
1536	1537	重	1	单一
1537	1538	复	1	上下
1538	1539	竿	1	上下
1539	1540	段	1	左右
1540	1541	便	1	左右
1541	1542	俩	1	左右
1542	1543	贷	1	上下
1543	1544	顺	1	左右
1544	1545	修	1	左右
1545	1546	俏	2	左右
1546	1547	保	1	左右
1547	1548	促	1	左右
1548	1549	俄	2	左右
1549	1550	俐	2	左中右
1550	1551	侮	1	左右
1551	1552	俭	1	左右
1552	1553	俗	1	左右
1553	1554	俘	1	左右
1554	1555	信	1	左右
1555	1556	皇	1	上下
1556	1557	泉	1	上下
1557	1558	鬼	1	单一
1558	1559	侵	1	左右
1559	1560	侯	2	左右
1560	1561	追	1	左下包
1561	1562	俊	1	左右
1562	1563	盾	1	左上包
1563	1564	待	1	左右
1564	1565	徊	2	左右
1565	1566	衍	2	左中右
1566	1567	律	1	左右
1567	1568	很	1	左右
1568	1569	须	1	左右
1569	1570	叙	1	左右
1570	1571	剑	1	左右
1571	1572	逃	1	左下包
1572	1573	食	1	上下
1573	1574	盆	1	上下
1574	1575	胚	2	左右
1575	1576	胧	2	左右
1576	1577	胆	1	左右
1577	1578	胜	1	左右
1578	1579	胞	1	左右
1579	1580	胖	1	左右
1580	1581	脉	1	左右
1581	1582	胎	2	左右
1582	1583	勉	1	左下包
1583	1584	狭	1	左右
1584	1585	狮	1	左右
1585	1586	独	1	左右
1586	1587	狰	2	左右
1587	1588	狡	1	左右
1588	1589	狱	1	左中右
1589	1590	狠	1	左右
1590	1591	贸	1	上下
1591	1592	怨	1	上下
1592	1593	急	1	上下
1593	1594	饵	2	左右
1594	1595	饶	1	左右
1595	1596	蚀	1	左右
1596	1597	饺	1	左右
1597	1598	饼	1	左右
1598	1599	峦	2	上下
1599	1600	弯	1	上下
1600	1601	将	1	左右
1601	1602	奖	1	上下
1602	1603	哀	1	上下
1603	1604	亭	1	上下
1604	1605	亮	1	上下
1605	1606	度	1	左上包
1606	1607	奕	2	上下
1607	1608	迹	1	左下包
1608	1609	庭	1	左上包
1609	1610	疮	1	左上包
1610	1611	疯	1	左上包
1611	1612	疫	1	左上包
1612	1613	疤	1	左上包
1613	1614	咨	2	上下
1614	1615	姿	1	上下
1615	1616	亲	1	上下
1616	1617	音	1	上下
1617	1618	飒	2	左右
1618	1619	帝	1	上下
1619	1620	施	1	左右
1620	1621	闺	2	上三包
1621	1622	闻	1	上三包
1622	1623	闽	2	上三包
1623	1624	阀	1	上三包
1624	1625	阁	1	上三包
1625	1626	差	1	上下
1626	1627	养	1	上下
1627	1628	美	1	上下
1628	1629	姜	1	上下
1629	1630	叛	1	左右
1630	1631	送	1	左下包
1631	1632	类	1	上下
1632	1633	迷	1	左下包
1633	1634	籽	2	左右
1634	1635	娄	2	上下
1635	1636	前	1	上下
1636	1637	首	1	上下
1637	1638	逆	1	左下包
1638	1639	总	1	上下
1639	1640	炼	1	左右
1640	1641	炸	1	左右
1641	1642	烁	2	左右
1642	1643	炮	1	左右
1643	1644	炫	2	左右
1644	1645	烂	1	左右
1645	1646	剃	1	左右
1646	1647	洼	2	左右
1647	1648	洁	1	左右
1648	1649	洪	1	左右
1649	1650	洒	1	左右
1650	1651	柒	2	上下
1651	1652	浇	1	左右
1652	1653	浊	1	左右
1653	1654	洞	1	左右
1654	1655	测	1	左中右
1655	1656	洗	1	左右
1656	1657	活	1	左右
1657	1658	涎	2	左右
1658	1659	派	1	左右
1659	1660	洽	1	左右
1660	1661	染	1	上下
1661	1662	洛	2	左右
1662	1663	济	1	左右
1663	1664	洋	1	左右
1664	1665	洲	1	左右
1665	1666	浑	1	左右
1666	1667	浓	1	左右
1667	1668	津	1	左右
1668	1669	恃	2	左右
1669	1670	恒	1	左右
1670	1671	恢	1	左右
1671	1672	恍	2	左右
1672	1673	恬	2	左右
1673	1674	恤	2	左右
1674	1675	恰	1	左右
1675	1676	恼	1	左右
1676	1677	恨	1	左右
1677	1678	举	1	上下
1678	1679	觉	1	上下
1679	1680	宣	1	上下
1680	1681	宦	2	上下
1681	1682	室	1	上下
1682	1683	宫	1	上下
1683	1684	宪	1	上下
1684	1685	突	1	上下
1685	1686	穿	1	上下
1686	1687	窃	1	上下
1687	1688	客	1	上下
1688	1689	诫	2	左右
1689	1690	冠	1	上下
1690	1691	诬	2	左右
1691	1692	语	1	左右
1692	1693	扁	1	左上包
1693	1694	袄	1	左右
1694	1695	祖	1	左右
1695	1696	神	1	左右
1696	1697	祝	1	左右
1697	1698	祠	2	左右
1698	1699	误	1	左右
1699	1700	诱	1	左右
1700	1701	诲	2	左右
1701	1702	说	1	左右
1702	1703	诵	1	左右
1703	1704	垦	1	上下
1704	1705	退	1	左下包
1705	1706	既	1	左右
1706	1707	屋	1	左上包
1707	1708	昼	1	上下
1708	1709	屏	2	左上包
1709	1710	屎	2	左上包
1710	1711	费	1	上下
1711	1712	陡	1	左右
1712	1713	逊	2	左下包
1713	1714	眉	1	左上包
1714	1715	孩	1	左右
1715	1716	陨	2	左右
1716	1717	除	1	左右
1717	1718	险	1	左右
1718	1719	院	1	左右
1719	1720	娃	1	左右
1720	1721	姥	1	左右
1721	1722	姨	1	左右
1722	1723	姻	1	左右
1723	1724	娇	1	左右
1724	1725	姚	2	左右
1725	1726	娜	2	左右
1726	1727	怒	1	上下
1727	1728	架	1	上下
1728	1729	贺	1	上下
1729	1730	盈	1	上下
1730	1731	勇	1	上下
1731	1732	怠	1	上下
1732	1733	蚤	2	上下
1733	1734	柔	1	上下
1734	1735	垒	1	上下
1735	1736	绑	1	左中右
1736	1737	绒	1	左右
1737	1738	结	1	左右
1738	1739	绕	1	左右
1739	1740	骄	1	左右
1740	1741	绘	1	左右
1741	1742	给	1	左右
1742	1743	骆	1	左右
1743	1744	络	1	左右
1744	1745	绝	1	左右
1745	1746	绞	1	左右
1746	1747	骇	2	左右
1747	1748	统	1	左右
1748	1749	耕	1	左右
1749	1750	耘	2	左右
1750	1751	耗	1	左右
1751	1752	耙	2	左右
1752	1753	艳	1	左右
1753	1754	泰	1	上下
1754	1755	秦	2	上下
1755	1756	珠	1	左右
1756	1757	班	1	左中右
1757	1758	素	1	上下
1758	1759	匿	2	半包
1759	1760	蚕	1	上下
1760	1761	顽	1	左右
1761	1762	盏	1	上下
1762	1763	匪	1	半包
1763	1764	捞	1	左右
1764	1765	栽	1	右上包
1765	1766	捕	1	左右
1766	1767	埂	2	左右
1767	1768	捂	2	左右
1768	1769	振	1	左右
1769	1770	载	1	右上包
1770	1771	赶	1	左下包
1771	1772	起	1	左右
1772	1773	盐	1	上下
1773	1774	捎	1	左右
1774	1775	捍	2	左右
1775	1776	捏	1	左右
1776	1777	埋	1	左右
1777	1778	捉	1	左右
1778	1779	捆	1	左右
1779	1780	捐	1	左右
1780	1781	损	1	左右
1781	1782	袁	2	上下
1782	1783	捌	2	左右
1783	1784	都	1	左右
1784	1785	哲	1	上下
1785	1786	逝	1	左下包
1786	1787	捡	1	左右
1787	1788	挫	2	左右
1788	1789	换	1	左右
1789	1790	挽	1	左右
1790	1791	挚	2	上下
1791	1792	热	1	上下
1792	1793	恐	1	上下
1793	1794	捣	2	左右
1794	1795	壶	1	上下
1795	1796	捅	2	左右
1796	1797	埃	2	左右
1797	1798	挨	1	左右
1798	1799	耻	1	左右
1799	1800	耿	2	左右
1800	1801	耽	1	左右
1801	1802	聂	2	上下
1802	1803	荸	2	上中下
1803	1804	恭	1	上下
1804	1805	莽	2	上中下
1805	1806	莱	2	上下
1806	1807	莲	1	上下
1807	1808	莫	1	上下
1808	1809	莉	2	上下
1809	1810	荷	1	上下
1810	1811	获	1	上下
1811	1812	晋	1	上下
1812	1813	恶	1	上下
1813	1814	莹	2	上下
1814	1815	莺	2	上中下
1815	1816	真	1	上中下
1816	1817	框	1	左右
1817	1818	梆	2	左右
1818	1819	桂	1	左右
1819	1820	栖	2	左右
1820	1821	档	1	左右
1821	1822	桐	1	左右
1822	1823	株	1	左右
1823	1824	桥	1	左右
1824	1825	桦	2	左右
1825	1826	栓	2	左右
1826	1827	桃	1	左右
1827	1828	桅	2	左右
1828	1829	格	1	左右
1829	1830	桩	2	左右
1830	1831	校	1	左右
1831	1832	核	1	左右
1832	1833	样	1	左右
1833	1834	根	1	左右
1834	1835	索	1	上下
1835	1836	哥	1	上下
1836	1837	速	1	左下包
1837	1838	逗	1	左下包
1838	1839	栗	1	上下
1839	1840	贾	2	上下
1840	1841	酌	2	左右
1841	1842	配	1	左右
1842	1843	翅	1	左下包
1843	1844	辱	1	上下
1844	1845	唇	1	左上包
1845	1846	夏	1	上下
1846	1847	砸	2	左右
1847	1848	砰	2	左右
1848	1849	砾	2	左右
1849	1850	础	1	左右
1850	1851	破	1	左右
1851	1852	原	1	左上包
1852	1853	套	1	上下
1853	1854	逐	1	左下包
1854	1855	烈	1	上下
1855	1856	殊	1	左右
1856	1857	殉	2	左右
1857	1858	顾	1	左右
1858	1859	轿	1	左右
1859	1860	较	1	左右
1860	1861	顿	1	左右
1861	1862	毙	1	上下
1862	1863	致	1	左右
1863	1864	柴	1	上下
1864	1865	桌	1	上下
1865	1866	虑	1	左上包
1866	1867	监	1	上下
1867	1868	紧	1	上下
1868	1869	党	1	上下
1869	1870	逞	2	左下包
1870	1871	晒	1	左右
1871	1872	眠	1	左右
1872	1873	晓	1	左右
1873	1874	哮	2	左右
1874	1875	唠	2	左右
1875	1876	鸭	1	左右
1876	1877	晃	1	上下
1877	1878	哺	2	左右
1878	1879	晌	1	左右
1879	1880	剔	2	左右
1880	1881	晕	1	上下
1881	1882	蚌	2	左右
1882	1883	蚜	2	左右
1883	1884	畔	2	左右
1884	1885	蚣	2	左右
1885	1886	蚊	1	左右
1886	1887	蚪	2	左右
1887	1888	蚓	2	左右
1888	1889	哨	1	左右
1889	1890	哩	2	左右
1890	1891	圃	2	全包
1891	1892	哭	1	上下
1892	1893	恩	1	上下
1893	1894	鸯	2	上下
1894	1895	唤	1	左右
1895	1896	唁	2	左右
1896	1897	哼	2	左右
1897	1898	唧	2	左右
1898	1899	啊	1	左中右
1899	1900	唉	1	左右
1900	1901	唆	2	左右
1901	1902	罢	1	上下
1902	1903	峭	2	左右
1903	1904	峰	1	左右
1904	1905	圆	1	全包
1905	1906	峻	2	左右
1906	1907	贼	1	左右
1907	1908	贿	1	左右
1908	1909	赂	2	左右
1909	1910	赃	2	左右
1910	1911	钱	1	左右
1911	1912	钳	1	左右
1912	1913	钻	1	左右
1913	1914	钾	2	左右
1914	1915	铁	1	左右
1915	1916	铃	1	左右
1916	1917	铅	1	左右
1917	1918	铆	2	左右
1918	1919	缺	1	左右
1919	1920	氧	1	右上包
1920	1921	氨	2	右上包
1921	1922	特	1	左右
1922	1923	牺	1	左右
1923	1924	造	1	左下包
1924	1925	乘	1	单一
1925	1926	敌	1	左右
1926	1927	秫	2	左右
1927	1928	秤	1	左右
1928	1929	租	1	左右
1929	1930	积	1	左右
1930	1931	秧	1	左右
1931	1932	秩	1	左右
1932	1933	称	1	左右
1933	1934	秘	1	左右
1934	1935	透	1	左下包
1935	1936	笔	1	上下
1936	1937	笑	1	上下
1937	1938	笋	1	上下
1938	1939	笆	2	上下
1939	1940	债	1	左右
1940	1941	借	1	左右
1941	1942	值	1	左右
1942	1943	倚	1	左右
1943	1944	俺	2	左右
1944	1945	倾	1	左右
1945	1946	倒	1	左右
1946	1947	倘	1	左右
1947	1948	俱	1	左右
1948	1949	倡	1	左右
1949	1950	候	1	左右
1950	1951	赁	2	上下
1951	1952	俯	1	左右
1952	1953	倍	1	左右
1953	1954	倦	1	左右
1954	1955	健	1	左右
1955	1956	臭	1	上下
1956	1957	射	1	左右
1957	1958	躬	1	左右
1958	1959	息	1	上下
1959	1960	倔	2	左右
1960	1961	徒	1	左右
1961	1962	徐	1	左右
1962	1963	殷	2	左右
1963	1964	舰	1	左右
1964	1965	舱	1	左右
1965	1966	般	1	左右
1966	1967	航	1	左右
1967	1968	途	1	左下包
1968	1969	拿	1	上下
1969	1970	耸	2	上下
1970	1971	爹	1	上下
1971	1972	舀	2	上下
1972	1973	爱	1	上下
1973	1974	豺	2	左右
1974	1975	豹	2	左右
1975	1976	颁	2	左右
1976	1977	颂	1	左右
1977	1978	翁	1	上下
1978	1979	胯	2	左右
1979	1980	胰	2	左右
1980	1981	脆	1	左右
1981	1982	脂	1	左右
1982	1983	胸	1	左右
1983	1984	胳	1	左右
1984	1985	脏	1	左右
1985	1986	脐	2	左右
1986	1987	胶	1	左右
1987	1988	脑	1	左右
1988	1989	脓	2	左右
1989	1990	逛	2	左下包
1990	1991	狸	1	左右
1991	1992	狼	1	左右
1992	1993	卿	2	左中右
1993	1994	逢	1	左下包
1994	1995	鸵	2	左右
1995	1996	留	1	上下
1996	1997	鸳	2	上下
1997	1998	皱	1	左右
1998	1999	饿	1	左右
1999	2000	馁	2	左右
2000	2001	凌	2	左右
2001	2002	凄	2	左右
2002	2003	恋	1	上下
2003	2004	桨	1	上下
2004	2005	浆	1	上下
2005	2006	衰	1	上下
2006	2007	衷	2	上中下
2007	2008	高	1	上下
2008	2009	郭	2	左右
2009	2010	席	1	左上包
2010	2011	准	1	左右
2011	2012	座	1	左上包
2012	2013	症	1	左上包
2013	2014	病	1	左上包
2014	2015	疾	1	左上包
2015	2016	斋	2	上下
2016	2017	疹	2	左上包
2017	2018	疼	1	左上包
2018	2019	疲	1	左上包
2019	2020	脊	1	上下
2020	2021	效	1	左右
2021	2022	离	1	上下
2022	2023	紊	2	上下
2023	2024	唐	1	左上包
2024	2025	瓷	2	上下
2025	2026	资	1	上下
2026	2027	凉	1	左右
2027	2028	站	1	左右
2028	2029	剖	1	左右
2029	2030	竞	1	上中下
2030	2031	部	1	左右
2031	2032	旁	1	上中下
2032	2033	旅	1	左右
2033	2034	畜	1	上下
2034	2035	阅	1	上三包
2035	2036	羞	1	上下
2036	2037	羔	2	上下
2037	2038	瓶	1	左右
2038	2039	拳	1	上下
2039	2040	粉	1	左右
2040	2041	料	1	左右
2041	2042	益	1	上下
2042	2043	兼	1	上下
2043	2044	烤	1	左右
2044	2045	烘	1	左右
2045	2046	烦	1	左右
2046	2047	烧	1	左右
2047	2048	烛	1	左右
2048	2049	烟	1	左右
2049	2050	烙	2	左右
2050	2051	递	1	左下包
2051	2052	涛	1	左右
2052	2053	浙	1	左中右
2053	2054	涝	1	左右
2054	2055	浦	2	左右
2055	2056	酒	1	左右
2056	2057	涉	1	左右
2057	2058	消	1	左右
2058	2059	涡	2	左右
2059	2060	浩	1	左右
2060	2061	海	1	左右
2061	2062	涂	1	左右
2062	2063	浴	1	左右
2063	2064	浮	1	左右
2064	2065	涣	2	左右
2065	2066	涤	2	左右
2066	2067	流	1	左右
2067	2068	润	1	左右
2068	2069	涧	2	左右
2069	2070	涕	2	左右
2070	2071	浪	1	左右
2071	2072	浸	1	左右
2072	2073	涨	1	左中右
2073	2074	烫	1	上下
2074	2075	涩	2	左右
2075	2076	涌	1	左右
2076	2077	悟	1	左右
2077	2078	悄	1	左右
2078	2079	悍	2	左右
2079	2080	悔	1	左右
2080	2081	悯	2	左右
2081	2082	悦	1	左右
2082	2083	害	1	上中下
2083	2084	宽	1	上下
2084	2085	家	1	上下
2085	2086	宵	1	上下
2086	2087	宴	1	上中下
2087	2088	宾	1	上下
2088	2089	窍	2	上下
2089	2090	窄	1	上下
2090	2091	容	1	上下
2091	2092	宰	1	上下
2092	2093	案	1	上下
2093	2094	请	1	左右
2094	2095	朗	1	左右
2095	2096	诸	1	左右
2096	2097	诺	2	左右
2097	2098	读	1	左右
2098	2099	扇	1	左上包
2099	2100	诽	2	左右
2100	2101	袜	1	左右
2101	2102	袒	2	左右
2102	2103	袖	1	左右
2103	2104	袍	1	左右
2104	2105	被	1	左右
2105	2106	祥	1	左右
2106	2107	课	1	左右
2107	2108	谁	1	左右
2108	2109	调	1	左右
2109	2110	冤	1	上下
2110	2111	谅	1	左右
2111	2112	谆	2	左右
2112	2113	谈	1	左右
2113	2114	谊	1	左右
2114	2115	剥	1	左右
2115	2116	恳	1	上下
2116	2117	展	1	左上包
2117	2118	剧	1	左右
2118	2119	屑	1	左上包
2119	2120	弱	1	左右
2120	2121	陵	1	左右
2121	2122	祟	2	上下
2122	2123	陶	1	左右
2123	2124	陷	1	左右
2124	2125	陪	1	左右
2125	2126	娱	1	左右
2126	2127	恕	2	上下
2127	2128	娩	2	左右
2128	2129	娘	1	左右
2129	2130	通	1	左下包
2130	2131	能	1	左右
2131	2132	难	1	左右
2132	2133	预	1	左右
2133	2134	桑	1	上下
2134	2135	绢	1	左右
2135	2136	绣	1	左右
2136	2137	验	1	左右
2137	2138	继	1	左右
2138	2139	骏	2	左右
2139	2140	球	1	左右
2140	2141	琐	2	左右
2141	2142	理	1	左右
2142	2143	麸	2	左右
2143	2144	琉	2	左右
2144	2145	琅	2	左右
2145	2146	捧	1	左右
2146	2147	堵	1	左右
2147	2148	措	2	左右
2148	2149	描	1	左右
2149	2150	域	1	左右
2150	2151	捺	2	左右
2151	2152	掩	1	左右
2152	2153	捷	1	左右
2153	2154	排	1	左右
2154	2155	掉	1	左右
2155	2156	捶	2	左右
2156	2157	赦	2	左右
2157	2158	推	1	左右
2158	2159	堆	1	左右
2159	2160	埠	2	左右
2160	2161	掀	1	左中右
2161	2162	授	1	左右
2162	2163	捻	2	左右
2163	2164	教	1	左右
2164	2165	掏	1	左右
2165	2166	掐	2	左右
2166	2167	掠	1	左右
2167	2168	掂	2	左右
2168	2169	掖	2	左右
2169	2170	培	1	左右
2170	2171	接	1	左右
2171	2172	掷	2	左中右
2172	2173	掸	2	左右
2173	2174	控	1	左右
2174	2175	探	1	左右
2175	2176	据	1	左右
2176	2177	掘	1	左右
2177	2178	掺	2	左右
2178	2179	职	1	左右
2179	2180	基	1	上下
2180	2181	勘	2	左右
2181	2182	聊	2	左右
2182	2183	娶	2	上下
2183	2184	著	1	上下
2184	2185	菱	2	上下
2185	2186	勒	1	左右
2186	2187	黄	1	上中下
2187	2188	菲	2	上下
2188	2189	萌	1	上下
2189	2190	萝	1	上下
2190	2191	菌	1	上下
2191	2192	萎	2	上下
2192	2193	菜	1	上下
2193	2194	萄	1	上下
2194	2195	菊	1	上下
2195	2196	菩	2	上中下
2196	2197	萍	1	左右
2197	2198	菠	1	上下
2198	2199	萤	2	上中下
2199	2200	营	1	上中下
2200	2201	乾	2	左右
2201	2202	萧	2	上下
2202	2203	萨	2	上下
2203	2204	菇	2	上下
2204	2205	械	1	左右
2205	2206	彬	2	左中右
2206	2207	梦	1	上下
2207	2208	梗	2	左右
2208	2209	梧	2	左右
2209	2210	梢	1	左右
2210	2211	梅	1	左右
2211	2212	检	1	左右
2212	2213	梳	1	左右
2213	2214	梯	1	左右
2214	2215	桶	1	左右
2215	2216	梭	2	左右
2216	2217	救	1	左右
2217	2218	曹	2	上下
2218	2219	副	1	左右
2219	2220	票	1	上下
2220	2221	酝	2	左右
2221	2222	酗	2	左右
2222	2223	厢	2	左上包
2223	2224	戚	1	左上包
2224	2225	硅	2	左右
2225	2226	硕	2	左右
2226	2227	奢	2	上下
2227	2228	盔	2	上下
2228	2229	爽	1	镶嵌
2229	2230	聋	1	上下
2230	2231	袭	1	上下
2231	2232	盛	1	上下
2232	2233	匾	2	半包
2233	2234	雪	1	上下
2234	2235	辅	1	左右
2235	2236	辆	1	左右
2236	2237	颅	2	左右
2237	2238	虚	1	左上包
2238	2239	彪	2	左下包
2239	2240	雀	1	上下
2240	2241	堂	1	上下
2241	2242	常	1	上下
2242	2243	眶	2	左右
2243	2244	匙	1	左下包
2244	2245	晤	2	左右
2245	2246	晨	1	上下
2246	2247	睁	1	左右
2247	2248	眯	1	左右
2248	2249	眼	1	左右
2249	2250	悬	1	上下
2250	2251	野	1	左右
2251	2252	啦	1	左中右
2252	2253	曼	2	上中下
2253	2254	晦	2	左右
2254	2255	冕	2	上下
2255	2256	晚	1	左右
2256	2257	啄	1	左右
2257	2258	啡	2	左右
2258	2259	畦	2	左右
2259	2260	距	1	左右
2260	2261	趾	2	左右
2261	2262	啃	2	左右
2262	2263	跃	1	左右
2263	2264	略	1	左右
2264	2265	蛆	2	左右
2265	2266	蚯	2	左右
2266	2267	蛉	2	左右
2267	2268	蛀	2	左右
2268	2269	蛇	1	左右
2269	2270	唬	2	左右
2270	2271	累	1	上下
2271	2272	唱	1	左右
2272	2273	患	1	上下
2273	2274	_	2	NA
2274	2275	唾	2	左右
2275	2276	唯	1	左右
2276	2277	啤	2	左右
2277	2278	啥	2	左右
2278	2279	啸	2	左右
2279	2280	崖	1	上下
2280	2281	崎	2	左右
2281	2282	崭	1	上下
2282	2283	逻	2	左下包
2283	2284	崔	2	上下
2284	2285	崩	2	上下
2285	2286	崇	1	上下
2286	2287	婴	2	上下
2287	2288	赊	2	左右
2288	2289	圈	1	全包
2289	2290	铐	2	左右
2290	2291	铛	2	左右
2291	2292	铝	2	左右
2292	2293	铜	1	左右
2293	2294	铡	2	左右
2294	2295	铣	2	左右
2295	2296	铭	2	左右
2296	2297	铲	1	左右
2297	2298	银	1	左右
2298	2299	矫	2	左右
2299	2300	甜	1	左右
2300	2301	秸	2	左右
2301	2302	梨	1	上下
2302	2303	犁	1	上下
2303	2304	秽	2	左右
2304	2305	移	1	左右
2305	2306	笨	1	上下
2306	2307	笼	1	上下
2307	2308	笛	1	上下
2308	2309	笙	2	上下
2309	2310	符	1	上下
2310	2311	第	1	上下
2311	2312	笤	2	上下
2312	2313	敏	1	左右
2313	2314	做	1	左中右
2314	2315	袋	1	上下
2315	2316	悠	1	上下
2316	2317	偿	1	左右
2317	2318	偶	1	左右
2318	2319	偎	2	左右
2319	2320	傀	2	左右
2320	2321	偷	1	左右
2321	2322	您	1	上下
2322	2323	售	1	上下
2323	2324	停	1	左右
2324	2325	偏	1	左右
2325	2326	躯	2	左右
2326	2327	兜	2	上下
2327	2328	假	1	左中右
2328	2329	衅	2	左右
2329	2330	徘	2	左右
2330	2331	徙	2	左右
2331	2332	得	1	左右
2332	2333	衔	1	左中右
2333	2334	盘	1	上下
2334	2335	舶	2	左右
2335	2336	船	1	左右
2336	2337	舷	2	左右
2337	2338	舵	2	左右
2338	2339	斜	1	左右
2339	2340	盒	1	上下
2340	2341	鸽	1	左右
2341	2342	敛	2	左右
2342	2343	悉	1	上下
2343	2344	欲	1	左右
2344	2345	彩	1	左右
2345	2346	领	1	左右
2346	2347	翎	2	左右
2347	2348	脚	1	左中右
2348	2349	脖	1	左右
2349	2350	脯	2	左右
2350	2351	脸	1	左右
2351	2352	脱	1	左右
2352	2353	象	1	上下
2353	2354	够	1	左右
2354	2355	逸	2	左下包
2355	2356	猜	1	左右
2356	2357	猪	1	左右
2357	2358	猎	1	左右
2358	2359	猫	1	左右
2359	2360	凰	2	上三包
2360	2361	猖	2	左右
2361	2362	猛	1	左右
2362	2363	祭	2	上下
2363	2364	馅	1	左右
2364	2365	馆	1	左右
2365	2366	凑	1	左右
2366	2367	减	1	左右
2367	2368	毫	1	上下
2368	2369	烹	2	上下
2369	2370	庶	2	左上包
2370	2371	麻	1	左上包
2371	2372	庵	2	左上包
2372	2373	痊	2	左上包
2373	2374	痒	1	左上包
2374	2375	痕	1	左上包
2375	2376	廊	1	左上包
2376	2377	康	1	左上包
2377	2378	庸	1	左上包
2378	2379	鹿	1	左上包
2379	2380	盗	1	上下
2380	2381	章	1	上中下
2381	2382	竟	1	上中下
2382	2383	商	1	上下
2383	2384	族	1	左右
2384	2385	旋	1	左右
2385	2386	望	1	上下
2386	2387	率	1	上下
2387	2388	阎	2	上三包
2388	2389	阐	2	上三包
2389	2390	着	1	上下
2390	2391	盖	1	上下
2391	2392	眷	2	上下
2392	2393	粘	1	左右
2393	2394	粗	1	左右
2394	2395	粒	1	左右
2395	2396	断	1	左右
2396	2397	剪	1	上下
2397	2398	兽	1	上中下
2398	2399	焊	2	左右
2399	2400	焕	2	左右
2400	2401	清	1	左右
2401	2402	添	1	左右
2402	2403	鸿	2	左中右
2403	2404	淋	1	左中右
2404	2405	涯	2	左右
2405	2406	淹	1	左右
2406	2407	渠	1	上下
2407	2408	渐	1	左中右
2408	2409	淑	2	左中右
2409	2410	淌	2	左右
2410	2411	混	1	左右
2411	2412	淮	2	左右
2412	2413	淆	2	左右
2413	2414	渊	2	左右
2414	2415	淫	2	左右
2415	2416	渔	1	左右
2416	2417	淘	1	左右
2417	2418	淳	2	左右
2418	2419	液	1	左右
2419	2420	淤	2	左中右
2420	2421	淡	1	左右
2421	2422	淀	2	左右
2422	2423	深	1	左右
2423	2424	涮	2	左中右
2424	2425	涵	2	左右
2425	2426	婆	1	上下
2426	2427	梁	1	上下
2427	2428	渗	1	左右
2428	2429	情	1	左右
2429	2430	惜	1	左右
2430	2431	惭	1	左中右
2431	2432	悼	1	左右
2432	2433	惧	1	左右
2433	2434	惕	1	左右
2434	2435	惊	1	左右
2435	2436	惦	2	左右
2436	2437	悴	2	左右
2437	2438	惋	2	左右
2438	2439	惨	1	左右
2439	2440	惯	1	左右
2440	2441	寇	1	上下
2441	2442	寄	1	上下
2442	2443	寂	2	上下
2443	2444	宿	1	上下
2444	2445	窒	2	上下
2445	2446	窑	1	上下
2446	2447	密	1	上下
2447	2448	谋	1	左右
2448	2449	谍	2	左右
2449	2450	谎	1	左右
2450	2451	谐	2	左右
2451	2452	裆	2	左右
2452	2453	袱	2	左右
2453	2454	祷	2	左右
2454	2455	祸	1	左右
2455	2456	谒	2	左右
2456	2457	谓	2	左右
2457	2458	谚	2	左右
2458	2459	谜	1	左右
2459	2460	逮	1	左下包
2460	2461	敢	1	左右
2461	2462	尉	2	左右
2462	2463	屠	1	左上包
2463	2464	弹	1	左右
2464	2465	堕	2	上下
2465	2466	随	1	左右
2466	2467	蛋	1	上下
2467	2468	隅	2	左右
2468	2469	隆	1	左右
2469	2470	隐	1	左右
2470	2471	婚	1	左右
2471	2472	婶	1	左右
2472	2473	婉	2	左右
2473	2474	颇	2	左右
2474	2475	颈	1	左右
2475	2476	绩	1	左右
2476	2477	绪	1	左右
2477	2478	续	1	左右
2478	2479	骑	1	左右
2479	2480	绰	2	左右
2480	2481	绳	1	左右
2481	2482	维	1	左右
2482	2483	绵	1	左右
2483	2484	绷	2	左右
2484	2485	绸	1	左右
2485	2486	综	2	左右
2486	2487	绽	2	左右
2487	2488	绿	1	左右
2488	2489	缀	2	左右
2489	2490	巢	2	上下
2490	2491	琴	1	上下
2491	2492	琳	2	左中右
2492	2493	琢	2	左右
2493	2494	琼	2	左右
2494	2495	斑	1	左中右
2495	2496	替	1	上下
2496	2497	揍	2	左右
2497	2498	款	1	左右
2498	2499	堪	1	左右
2499	2500	塔	1	左右
2500	2501	搭	1	左右
2501	2502	堰	2	左右
2502	2503	揩	2	左右
2503	2504	越	1	左下包
2504	2505	趁	1	左下包
2505	2506	趋	1	左下包
2506	2507	超	1	左下包
2507	2508	揽	2	左右
2508	2509	堤	1	左右
2509	2510	提	1	左右
2510	2511	揖	2	左右
2511	2512	博	1	左右
2512	2513	揭	1	左右
2513	2514	喜	1	上下
2514	2515	彭	2	左右
2515	2516	揣	2	左右
2516	2517	插	1	左右
2517	2518	揪	1	左右
2518	2519	搜	1	左右
2519	2520	煮	1	上下
2520	2521	援	1	左右
2521	2522	搀	2	左右
2522	2523	裁	1	右上包
2523	2524	搁	1	左右
2524	2525	搓	2	左右
2525	2526	搂	1	左右
2526	2527	搅	1	左右
2527	2528	壹	2	上中下
2528	2529	握	1	左右
2529	2530	搔	2	左右
2530	2531	揉	1	左右
2531	2532	斯	1	左右
2532	2533	期	1	左右
2533	2534	欺	1	左右
2534	2535	联	1	左右
2535	2536	葫	2	上下
2536	2537	散	1	左右
2537	2538	惹	1	上中下
2538	2539	葬	1	上中下
2539	2540	募	2	上下
2540	2541	葛	1	上下
2541	2542	董	1	上下
2542	2543	葡	1	上下
2543	2544	敬	1	左右
2544	2545	葱	1	上中下
2545	2546	蒋	2	上下
2546	2547	蒂	2	上下
2547	2548	落	1	上下
2548	2549	韩	2	左右
2549	2550	朝	1	左右
2550	2551	辜	1	上下
2551	2552	葵	1	上下
2552	2553	棒	1	左右
2553	2554	棱	2	左右
2554	2555	棋	1	左右
2555	2556	椰	2	左中右
2556	2557	植	1	左右
2557	2558	森	1	品字
2558	2559	焚	2	上下
2559	2560	椅	1	左右
2560	2561	椒	1	左右
2561	2562	棵	1	左右
2562	2563	棍	1	左右
2563	2564	椎	2	左右
2564	2565	棉	1	左右
2565	2566	棚	1	左中右
2566	2567	棕	1	左右
2567	2568	棺	2	左右
2568	2569	榔	2	左中右
2569	2570	椭	2	左中右
2570	2571	惠	1	上下
2571	2572	惑	1	上下
2572	2573	逼	1	左下包
2573	2574	粟	2	上下
2574	2575	棘	2	左右
2575	2576	酣	2	左右
2576	2577	酥	2	左右
2577	2578	厨	1	左上包
2578	2579	厦	1	左上包
2579	2580	硬	1	左右
2580	2581	硝	2	左右
2581	2582	确	1	左右
2582	2583	硫	2	左右
2583	2584	雁	1	左上包
2584	2585	殖	1	左右
2585	2586	裂	1	上下
2586	2587	雄	1	左右
2587	2588	颊	2	左右
2588	2589	雳	2	上下
2589	2590	暂	1	上下
2590	2591	雅	1	左右
2591	2592	翘	2	左下包
2592	2593	辈	1	上下
2593	2594	悲	1	上下
2594	2595	紫	1	上下
2595	2596	凿	2	上下
2596	2597	辉	1	左右
2597	2598	敞	1	左右
2598	2599	棠	2	上下
2599	2600	赏	1	上下
2600	2601	掌	1	上下
2601	2602	晴	1	左右
2602	2603	暑	1	上下
2603	2604	最	1	上下
2604	2605	晰	2	左中右
2605	2606	量	1	上下
2606	2607	鼎	2	上下
2607	2608	喷	1	左右
2608	2609	喳	2	左右
2609	2610	晶	1	品字
2610	2611	喇	1	左右
2611	2612	遇	1	左下包
2612	2613	喊	1	左右
2613	2614	遏	2	左下包
2614	2615	晾	2	左右
2615	2616	景	1	上下
2616	2617	畴	2	左右
2617	2618	践	1	左右
2618	2619	跋	2	左右
2619	2620	跌	1	左右
2620	2621	跑	1	左右
2621	2622	跛	2	左右
2622	2623	遗	1	左下包
2623	2624	蛙	1	左右
2624	2625	蛔	2	左右
2625	2626	蛛	1	左右
2626	2627	蜓	1	左右
2627	2628	蜒	2	左右
2628	2629	蛤	2	左右
2629	2630	喝	1	左右
2630	2631	鹃	2	左右
2631	2632	喂	1	左右
2632	2633	喘	1	左右
2633	2634	喉	1	左右
2634	2635	喻	2	左右
2635	2636	啼	2	左右
2636	2637	喧	2	左右
2637	2638	嵌	2	上下
2638	2639	幅	1	左右
2639	2640	帽	1	左右
2640	2641	赋	2	左右
2641	2642	赌	1	左右
2642	2643	赎	2	左右
2643	2644	赐	2	左右
2644	2645	赔	1	左右
2645	2646	黑	1	上下
2646	2647	铸	1	左右
2647	2648	铺	1	左右
2648	2649	链	1	左右
2649	2650	销	1	左右
2650	2651	锁	1	左右
2651	2652	锄	1	左右
2652	2653	锅	1	左右
2653	2654	锈	1	左右
2654	2655	锉	2	左右
2655	2656	锋	1	左右
2656	2657	锌	2	左右
2657	2658	锐	1	左右
2658	2659	甥	2	左右
2659	2660	掰	2	左中右
2660	2661	短	1	左右
2661	2662	智	1	上下
2662	2663	氮	2	右上包
2663	2664	毯	1	左下包
2664	2665	氯	2	右上包
2665	2666	鹅	1	左右
2666	2667	剩	1	左右
2667	2668	稍	1	左右
2668	2669	程	1	左右
2669	2670	稀	1	左右
2670	2671	黍	2	上下
2671	2672	税	1	左右
2672	2673	筐	1	上下
2673	2674	等	1	上下
2674	2675	筑	1	上下
2675	2676	策	1	上下
2676	2677	筛	1	上下
2677	2678	筒	1	上下
2678	2679	筏	2	上下
2679	2680	答	1	上下
2680	2681	筋	1	上下
2681	2682	筝	1	上下
2682	2683	傲	1	左中右
2683	2684	傅	1	左右
2684	2685	牍	2	左右
2685	2686	牌	1	左右
2686	2687	堡	1	上下
2687	2688	集	1	上下
2688	2689	焦	1	上下
2689	2690	傍	1	左右
2690	2691	储	1	左中右
2691	2692	粤	2	上下
2692	2693	奥	1	上下
2693	2694	街	1	左中右
2694	2695	惩	1	上下
2695	2696	御	1	左右
2696	2697	循	1	左右
2697	2698	艇	1	左右
2698	2699	舒	1	左右
2699	2700	逾	2	左下包
2700	2701	番	1	上下
2701	2702	释	1	左右
2702	2703	禽	1	上下
2703	2704	腊	1	左右
2704	2705	腌	2	左右
2705	2706	脾	1	左右
2706	2707	腋	2	左右
2707	2708	腔	1	左右
2708	2709	腕	2	左右
2709	2710	鲁	1	上下
2710	2711	猩	2	左右
2711	2712	猬	2	左右
2712	2713	猾	1	左右
2713	2714	猴	1	左右
2714	2715	惫	2	上下
2715	2716	然	1	上下
2716	2717	馋	1	左右
2717	2718	装	1	上下
2718	2719	蛮	1	上下
2719	2720	就	1	左右
2720	2721	敦	2	左右
2721	2722	痘	2	左上包
2722	2723	痢	2	左上包
2723	2724	痪	2	左上包
2724	2725	痛	1	左上包
2725	2726	童	1	上下
2726	2727	竣	2	左右
2727	2728	阔	1	上三包
2728	2729	善	1	上下
2729	2730	翔	2	左右
2730	2731	羡	1	上下
2731	2732	普	1	上下
2732	2733	粪	1	上下
2733	2734	尊	1	上下
2734	2735	奠	2	上下
2735	2736	道	1	左下包
2736	2737	遂	2	左下包
2737	2738	曾	1	上下
2738	2739	焰	1	左右
2739	2740	焙	2	左右
2740	2741	港	1	左右
2741	2742	滞	2	左右
2742	2743	湖	1	左中右
2743	2744	湘	2	左中右
2744	2745	渣	1	左右
2745	2746	渤	2	左右
2746	2747	渺	2	左右
2747	2748	湿	1	左右
2748	2749	温	1	左右
2749	2750	渴	1	左右
2750	2751	溃	2	左右
2751	2752	溅	2	左右
2752	2753	滑	1	左右
2753	2754	湃	2	左右
2754	2755	湾	1	左右
2755	2756	渡	1	左右
2756	2757	游	1	左中右
2757	2758	滋	1	左右
2758	2759	溉	1	左右
2759	2760	愤	1	左右
2760	2761	慌	1	左右
2761	2762	惰	1	左右
2762	2763	愕	2	左右
2763	2764	惶	2	左右
2764	2765	愧	1	左右
2765	2766	愉	1	左右
2766	2767	慨	1	左中右
2767	2768	割	1	左右
2768	2769	寒	1	上下
2769	2770	富	1	上下
2770	2771	寓	2	上下
2771	2772	窜	1	上下
2772	2773	窝	1	上下
2773	2774	窖	2	上下
2774	2775	窗	1	上下
2775	2776	窘	2	上下
2776	2777	遍	1	左下包
2777	2778	雇	2	左上包
2778	2779	裕	1	左右
2779	2780	裤	1	左右
2780	2781	裙	1	左右
2781	2782	谢	1	左中右
2782	2783	谣	1	左右
2783	2784	谤	2	左右
2784	2785	谦	1	左右
2785	2786	犀	2	左上包
2786	2787	属	1	左上包
2787	2788	屡	1	左上包
2788	2789	强	1	左右
2789	2790	粥	1	左中右
2790	2791	疏	1	左右
2791	2792	隔	1	左右
2792	2793	隙	1	左右
2793	2794	隘	2	左右
2794	2795	媒	2	左右
2795	2796	絮	1	上下
2796	2797	嫂	1	左右
2797	2798	媚	2	左右
2798	2799	婿	2	左右
2799	2800	登	1	上下
2800	2801	缅	2	左右
2801	2802	缆	2	左右
2802	2803	缎	1	左右
2803	2804	缓	1	左右
2804	2805	缔	2	左右
2805	2806	缕	2	左右
2806	2807	骗	1	左右
2807	2808	编	1	左右
2808	2809	骚	2	左右
2809	2810	缘	1	左右
2810	2811	瑟	2	上下
2811	2812	鹉	2	左右
2812	2813	瑞	1	左右
2813	2814	瑰	2	左右
2814	2815	魂	1	左右
2815	2816	肆	1	左右
2816	2817	摄	1	左右
2817	2818	摸	1	左右
2818	2819	填	1	左右
2819	2820	搏	1	左右
2820	2821	塌	1	左右
2821	2822	鼓	1	左右
2822	2823	摆	1	左右
2823	2824	携	1	左右
2824	2825	搬	1	左中右
2825	2826	摇	1	左右
2826	2827	搞	1	左右
2827	2828	塘	1	左右
2828	2829	搪	2	左右
2829	2830	摊	1	左中右
2830	2831	聘	2	左右
2831	2832	斟	2	左右
2832	2833	蒜	1	上下
2833	2834	勤	1	左右
2834	2835	靴	2	左右
2835	2836	靶	2	左右
2836	2837	鹊	1	左右
2837	2838	蓝	1	上下
2838	2839	墓	1	上下
2839	2840	幕	1	上下
2840	2841	蓖	2	上下
2841	2842	蓬	1	上下
2842	2843	蒿	2	上下
2843	2844	蓄	1	上下
2844	2845	蒲	2	上下
2845	2846	蓉	2	上下
2846	2847	蒙	1	上下
2847	2848	蒸	1	上中下
2848	2849	献	1	左右
2849	2850	楔	2	左右
2850	2851	椿	2	左右
2851	2852	禁	1	上下
2852	2853	楚	1	上下
2853	2854	楷	2	左右
2854	2855	榄	2	左右
2855	2856	想	1	上下
2856	2857	楞	2	左右
2857	2858	槐	1	左右
2858	2859	榆	1	左右
2859	2860	楼	1	左右
2860	2861	概	1	左右
2861	2862	楣	2	左右
2862	2863	赖	1	左右
2863	2864	酪	2	左右
2864	2865	酬	1	左右
2865	2866	感	1	上下
2866	2867	碍	1	左右
2867	2868	碘	2	左右
2868	2869	碑	1	左右
2869	2870	硼	2	左中右
2870	2871	碉	2	左右
2871	2872	碎	1	左右
2872	2873	碰	1	左右
2873	2874	碗	1	左右
2874	2875	碌	1	左右
2875	2876	雷	1	上下
2876	2877	零	1	上下
2877	2878	雾	1	上下
2878	2879	雹	1	上下
2879	2880	辐	2	左右
2880	2881	辑	2	左右
2881	2882	输	1	左右
2882	2883	督	1	上下
2883	2884	频	2	左右
2884	2885	龄	1	左右
2885	2886	鉴	1	上下
2886	2887	睛	1	左右
2887	2888	睹	2	左右
2888	2889	睦	2	左右
2889	2890	瞄	2	左右
2890	2891	睡	1	左右
2891	2892	睬	1	左右
2892	2893	嗜	2	左右
2893	2894	鄙	1	左右
2894	2895	嗦	2	左右
2895	2896	愚	1	上下
2896	2897	暖	1	左右
2897	2898	盟	1	上下
2898	2899	歇	1	左右
2899	2900	暗	1	左右
2900	2901	暇	2	左右
2901	2902	照	1	上下
2902	2903	畸	2	左右
2903	2904	跨	1	左右
2904	2905	跷	2	左右
2905	2906	跳	1	左右
2906	2907	跺	2	左右
2907	2908	跪	1	左右
2908	2909	路	1	左右
2909	2910	跟	1	左右
2910	2911	遣	1	左下包
2911	2912	蜈	2	左右
2912	2913	蜗	2	左右
2913	2914	蛾	1	左右
2914	2915	蜂	1	左右
2915	2916	蜕	2	左右
2916	2917	蛹	2	左右
2917	2918	嗅	2	左右
2918	2919	嗡	2	左右
2919	2920	嗤	2	左右
2920	2921	嗓	1	左右
2921	2922	署	2	上下
2922	2923	置	1	上下
2923	2924	罪	1	上下
2924	2925	罩	1	上下
2925	2926	蜀	2	上下
2926	2927	幌	2	左右
2927	2928	错	1	左右
2928	2929	锚	2	左右
2929	2930	锡	1	左右
2930	2931	锣	1	左右
2931	2932	锤	1	左右
2932	2933	锥	2	左右
2933	2934	锦	1	左右
2934	2935	锨	2	左右
2935	2936	锭	2	左右
2936	2937	键	1	左右
2937	2938	锯	1	左右
2938	2939	锰	2	左右
2939	2940	矮	1	左右
2940	2941	辞	1	左右
2941	2942	稚	2	左右
2942	2943	稠	1	左右
2943	2944	颓	2	左右
2944	2945	愁	1	上下
2945	2946	筹	1	上下
2946	2947	签	1	上下
2947	2948	简	1	上下
2948	2949	筷	2	上下
2949	2950	毁	1	左右
2950	2951	舅	1	上下
2951	2952	鼠	1	上下
2952	2953	催	1	左右
2953	2954	傻	1	左右
2954	2955	像	1	左右
2955	2956	躲	1	左右
2956	2957	魁	2	左下包
2957	2958	衙	2	左中右
2958	2959	微	1	左中右
2959	2960	愈	1	上下
2960	2961	遥	1	左下包
2961	2962	腻	2	左右
2962	2963	腰	1	左右
2963	2964	腥	1	左右
2964	2965	腮	2	左右
2965	2966	腹	1	左右
2966	2967	腺	2	左右
2967	2968	鹏	2	左中右
2968	2969	腾	1	左右
2969	2970	腿	1	左右
2970	2971	肄	2	左右
2971	2972	猿	2	左右
2972	2973	颖	2	左右
2973	2974	触	1	左右
2974	2975	解	1	左右
2975	2976	煞	2	上下
2976	2977	雏	2	左右
2977	2978	馍	2	左右
2978	2979	馏	2	左右
2979	2980	酱	1	上下
2980	2981	禀	2	上中下
2981	2982	痹	2	左上包
2982	2983	廓	2	左上包
2983	2984	痴	2	左上包
2984	2985	痰	1	左上包
2985	2986	廉	1	左上包
2986	2987	靖	2	左右
2987	2988	新	1	左右
2988	2989	韵	1	左右
2989	2990	意	1	上中下
2990	2991	誊	2	上下
2991	2992	粮	1	左右
2992	2993	数	1	左右
2993	2994	煎	1	上下
2994	2995	塑	1	上下
2995	2996	慈	1	上下
2996	2997	煤	1	左右
2997	2998	煌	1	左右
2998	2999	满	1	左右
2999	3000	漠	1	左右
3000	3001	源	1	左右
3001	3002	滤	1	左右
3002	3003	滥	1	左右
3003	3004	滔	1	左右
3004	3005	溪	1	左右
3005	3006	溜	1	左右
3006	3007	漓	2	左右
3007	3008	滚	1	左右
3008	3009	溢	2	左右
3009	3010	溯	2	左中右
3010	3011	滨	1	左右
3011	3012	溶	2	左右
3012	3013	滓	2	左右
3013	3014	溺	2	左右
3014	3015	粱	1	上下
3015	3016	滩	1	左中右
3016	3017	慎	1	左右
3017	3018	誉	1	上下
3018	3019	塞	1	上中下
3019	3020	寞	2	上下
3020	3021	窥	2	上下
3021	3022	窟	2	上下
3022	3023	寝	2	上下
3023	3024	谨	1	左右
3024	3025	褂	2	左中右
3025	3026	裸	2	左右
3026	3027	福	1	左右
3027	3028	谬	2	左右
3028	3029	群	1	左右
3029	3030	殿	1	左右
3030	3031	辟	1	左右
3031	3032	障	1	左右
3032	3033	媳	2	左右
3033	3034	嫉	2	左右
3034	3035	嫌	1	左右
3035	3036	嫁	1	左右
3036	3037	叠	1	上下
3037	3038	缚	2	左右
3038	3039	缝	1	左右
3039	3040	缠	1	左右
3040	3041	缤	2	左右
3041	3042	剿	2	左右
3042	3043	静	1	左右
3043	3044	碧	1	上下
3044	3045	璃	1	左右
3045	3046	赘	2	上下
3046	3047	熬	2	上下
3047	3048	墙	1	左右
3048	3049	嘉	1	上下
3049	3050	摧	1	左右
3050	3051	赫	2	左右
3051	3052	截	1	右上包
3052	3053	誓	1	上下
3053	3054	境	1	左右
3054	3055	摘	1	左右
3055	3056	摔	1	左右
3056	3057	撇	1	左中右
3057	3058	聚	1	上下
3058	3059	蔫	2	上下
3059	3060	慕	1	上下
3060	3061	暮	1	上下
3061	3062	摹	2	上下
3062	3063	蔓	2	上下
3063	3064	蔑	1	上中下
3064	3065	蔗	2	上下
3065	3066	蔽	1	上下
3066	3067	蔼	2	上下
3067	3068	熙	2	上下
3068	3069	蔚	2	上下
3069	3070	兢	2	左右
3070	3071	榛	2	左右
3071	3072	模	1	左右
3072	3073	榴	1	左右
3073	3074	榜	1	左右
3074	3075	榨	1	左右
3075	3076	榕	2	左右
3076	3077	歌	1	左右
3077	3078	遭	1	左下包
3078	3079	酵	2	左右
3079	3080	酷	1	左右
3080	3081	酿	1	左右
3081	3082	酸	1	左右
3082	3083	碟	2	左右
3083	3084	碴	2	左右
3084	3085	碱	2	左右
3085	3086	碳	2	左右
3086	3087	磁	1	左右
3087	3088	愿	1	左上包
3088	3089	需	1	上下
3089	3090	辕	2	左右
3090	3091	辖	2	左右
3091	3092	雌	2	左右
3092	3093	裳	1	上下
3093	3094	颗	1	左右
3094	3095	墅	2	上下
3095	3096	嗽	1	左中右
3096	3097	嘁	2	左右
3097	3098	踊	2	左右
3098	3099	蜻	1	左右
3099	3100	蜡	1	左右
3100	3101	蝇	1	左右
3101	3102	蜘	1	左中右
3102	3103	蝉	2	左右
3103	3104	嘀	2	左右
3104	3105	幔	2	左右
3105	3106	赚	1	左右
3106	3107	锹	1	左中右
3107	3108	锻	1	左右
3108	3109	镀	2	左右
3109	3110	舞	1	上下
3110	3111	舔	2	左右
3111	3112	稳	1	左右
3112	3113	熏	2	上下
3113	3114	箍	2	上下
3114	3115	箕	2	上下
3115	3116	算	1	上下
3116	3117	箩	1	上下
3117	3118	管	1	上下
3118	3119	箫	2	上下
3119	3120	舆	2	上下
3120	3121	僚	1	左右
3121	3122	僧	2	左右
3122	3123	鼻	1	上中下
3123	3124	魄	1	左右
3124	3125	貌	1	左右
3125	3126	膜	1	左右
3126	3127	膊	1	左右
3127	3128	膀	1	左右
3128	3129	鲜	1	左右
3129	3130	疑	1	左右
3130	3131	孵	2	左右
3131	3132	馒	1	左右
3132	3133	裹	1	上中下
3133	3134	敲	1	左右
3134	3135	豪	1	上下
3135	3136	膏	1	上下
3136	3137	遮	1	左下包
3137	3138	腐	1	左上包
3138	3139	瘩	2	左上包
3139	3140	瘟	2	左上包
3140	3141	瘦	1	左上包
3141	3142	辣	1	左右
3142	3143	彰	2	左右
3143	3144	竭	1	左右
3144	3145	端	1	左右
3145	3146	旗	1	左右
3146	3147	精	1	左右
3147	3148	粹	2	左右
3148	3149	歉	1	左右
3149	3150	弊	1	上下
3150	3151	熄	1	左右
3151	3152	熔	1	左右
3152	3153	漆	1	左右
3153	3154	漱	2	左中右
3154	3155	漂	1	左右
3155	3156	漫	1	左右
3156	3157	滴	1	左右
3157	3158	漩	2	左中右
3158	3159	漾	2	左右
3159	3160	演	1	左右
3160	3161	漏	1	左右
3161	3162	慢	1	左右
3162	3163	慷	2	左右
3163	3164	寨	1	上中下
3164	3165	赛	1	上下
3165	3166	寡	2	上下
3166	3167	察	1	上下
3167	3168	蜜	1	上下
3168	3169	寥	2	上下
3169	3170	谭	2	左右
3170	3171	褐	2	左右
3171	3172	褪	2	左右
3172	3173	谱	1	左右
3173	3174	隧	2	左右
3174	3175	嫩	1	左中右
3175	3176	嫡	2	左右
3176	3177	翠	1	上下
3177	3178	熊	1	上下
3178	3179	凳	1	上下
3179	3180	骡	1	左右
3180	3181	缨	2	左右
3181	3182	缩	1	左右
3182	3183	慧	1	上下
3183	3184	撵	2	左右
3184	3185	撕	1	左中右
3185	3186	撒	1	左中右
3186	3187	撩	2	左右
3187	3188	趣	1	左下包
3188	3189	趟	1	左下包
3189	3190	撑	1	左右
3190	3191	撮	2	左右
3191	3192	撬	2	左右
3192	3193	播	1	左右
3193	3194	擒	2	左右
3194	3195	墩	2	左中右
3195	3196	撞	1	左右
3196	3197	撤	1	左中右
3197	3198	增	1	左右
3198	3199	撰	2	左右
3199	3200	聪	1	左右
3200	3201	鞋	1	左右
3201	3202	鞍	2	左右
3202	3203	蕉	1	上下
3203	3204	蕊	2	上下
3204	3205	蔬	1	上下
3205	3206	蕴	2	上下
3206	3207	横	1	左右
3207	3208	槽	1	左右
3208	3209	樱	1	左右
3209	3210	樊	2	上下
3210	3211	橡	1	左右
3211	3212	樟	2	左右
3212	3213	橄	2	左右
3213	3214	敷	2	左右
3214	3215	豌	2	左右
3215	3216	飘	1	左右
3216	3217	醋	1	左右
3217	3218	醇	2	左右
3218	3219	醉	1	左右
3219	3220	磕	2	左右
3220	3221	磅	2	左右
3221	3222	碾	2	左右
3222	3223	震	1	上下
3223	3224	霉	1	上下
3224	3225	瞒	1	左右
3225	3226	题	1	左下包
3226	3227	暴	1	上下
3227	3228	瞎	1	左右
3228	3229	嘶	2	左中右
3229	3230	嘲	2	左中右
3230	3231	嘹	2	左右
3231	3232	影	1	左右
3232	3233	踢	1	左右
3233	3234	踏	1	左右
3234	3235	踩	1	左右
3235	3236	踪	1	左右
3236	3237	蝶	1	左右
3237	3238	蝴	1	左中右
3238	3239	蝠	2	左右
3239	3240	蝎	2	左右
3240	3241	蝌	2	左右
3241	3242	蝗	2	左右
3242	3243	蝙	2	左右
3243	3244	嘿	2	左右
3244	3245	嘱	1	左右
3245	3246	幢	2	左右
3246	3247	墨	1	上下
3247	3248	镊	2	左右
3248	3249	镇	1	左右
3249	3250	镐	2	左右
3250	3251	靠	1	上下
3251	3252	稽	2	左右
3252	3253	稻	1	左右
3253	3254	黎	1	上下
3254	3255	稿	1	左右
3255	3256	稼	1	左右
3256	3257	箱	1	上下
3257	3258	篓	2	上下
3258	3259	箭	1	上下
3259	3260	篇	1	上下
3260	3261	僵	1	左右
3261	3262	躺	1	左右
3262	3263	僻	1	左右
3263	3264	德	1	左右
3264	3265	艘	1	左右
3265	3266	膝	1	左右
3266	3267	膘	2	左右
3267	3268	膛	1	左右
3268	3269	鲤	2	左右
3269	3270	鲫	2	左右
3270	3271	熟	1	上下
3271	3272	摩	1	左上包
3272	3273	褒	2	上中下
3273	3274	瘪	2	左上包
3274	3275	瘤	2	左上包
3275	3276	瘫	2	左上包
3276	3277	凛	2	左右
3277	3278	颜	1	左右
3278	3279	毅	1	左右
3279	3280	糊	1	左中右
3280	3281	遵	1	左下包
3281	3282	憋	2	上下
3282	3283	潜	1	左右
3283	3284	澎	2	左中右
3284	3285	潮	1	左中右
3285	3286	潭	2	左右
3286	3287	潦	2	左右
3287	3288	澳	2	左右
3288	3289	潘	2	左右
3289	3290	澈	2	左右
3290	3291	澜	2	左右
3291	3292	澄	2	左右
3292	3293	懂	1	左右
3293	3294	憔	2	左右
3294	3295	懊	2	左右
3295	3296	憎	2	左右
3296	3297	额	1	左右
3297	3298	翩	2	左右
3298	3299	褥	2	左右
3299	3300	谴	2	左右
3300	3301	鹤	2	左右
3301	3302	憨	2	上下
3302	3303	慰	1	上下
3303	3304	劈	1	上下
3304	3305	履	2	左上包
3305	3306	嬉	2	左右
3306	3307	豫	2	左右
3307	3308	缭	2	左右
3308	3309	撼	2	左右
3309	3310	擂	2	左右
3310	3311	操	1	左右
3311	3312	擅	2	左右
3312	3313	燕	1	上中下
3313	3314	蕾	2	上下
3314	3315	薯	1	上中下
3315	3316	薛	2	上下
3316	3317	薇	2	上下
3317	3318	擎	2	上下
3318	3319	薪	1	上下
3319	3320	薄	1	上下
3320	3321	颠	1	左右
3321	3322	翰	2	左右
3322	3323	噩	2	单一
3323	3324	橱	2	左右
3324	3325	橙	2	左右
3325	3326	橘	1	左右
3326	3327	整	1	上下
3327	3328	融	1	左右
3328	3329	瓢	2	左右
3329	3330	醒	1	左右
3330	3331	磺	2	左右
3331	3332	霍	2	上下
3332	3333	霎	2	上中下
3333	3334	辙	2	左中右
3334	3335	冀	2	上中下
3335	3336	餐	1	上下
3336	3337	嘴	1	左右
3337	3338	踱	2	左右
3338	3339	蹄	1	左右
3339	3340	蹂	2	左右
3340	3341	蟆	2	左右
3341	3342	螃	2	左右
3342	3343	螟	2	左右
3343	3344	器	1	上下
3344	3345	噪	2	左右
3345	3346	鹦	2	左右
3346	3347	赠	1	左右
3347	3348	默	1	左右
3348	3349	黔	2	左右
3349	3350	镜	1	左右
3350	3351	赞	1	上下
3351	3352	穆	2	左右
3352	3353	篮	1	上下
3353	3354	篡	2	上下
3354	3355	篷	2	上下
3355	3356	篙	2	上下
3356	3357	篱	2	上下
3357	3358	儒	2	左右
3358	3359	邀	1	左下包
3359	3360	衡	1	左中右
3360	3361	膨	1	左中右
3361	3362	膳	2	左右
3362	3363	雕	1	左右
3363	3364	鲸	2	左右
3364	3365	磨	1	左上包
3365	3366	瘾	2	左上包
3366	3367	瘸	2	左上包
3367	3368	凝	1	左中右
3368	3369	辨	1	左中右
3369	3370	辩	1	左中右
3370	3371	糙	2	左右
3371	3372	糖	1	左右
3372	3373	糕	1	左右
3373	3374	燎	2	左右
3374	3375	燃	1	左右
3375	3376	濒	2	左右
3376	3377	澡	1	左右
3377	3378	激	1	左右
3378	3379	懒	1	左中右
3379	3380	憾	2	左右
3380	3381	懈	2	左中右
3381	3382	窿	2	上下
3382	3383	壁	1	上下
3383	3384	避	1	左下包
3384	3385	缰	2	左右
3385	3386	缴	1	左右
3386	3387	戴	1	右上包
3387	3388	壕	2	左右
3388	3389	擦	1	左右
3389	3390	鞠	1	左右
3390	3391	藏	1	上下
3391	3392	藐	2	上下
3392	3393	檬	2	左右
3393	3394	檐	2	左右
3394	3395	檩	2	左右
3395	3396	檀	2	左右
3396	3397	礁	2	左右
3397	3398	磷	2	左右
3398	3399	霜	1	上下
3399	3400	霞	1	上下
3400	3401	_	2	NA
3401	3402	瞧	1	左右
3402	3403	瞬	2	左右
3403	3404	瞳	2	左右
3404	3405	瞪	2	左右
3405	3406	曙	2	左右
3406	3407	蹋	2	左右
3407	3408	蹈	1	左右
3408	3409	螺	1	左右
3409	3410	蟋	2	左右
3410	3411	蟀	2	左右
3411	3412	嚎	2	左右
3412	3413	赡	2	左右
3413	3414	镣	2	左右
3414	3415	穗	1	左右
3415	3416	魏	2	左右
3416	3417	簇	2	上下
3417	3418	繁	1	上下
3418	3419	儡	2	左右
3419	3420	徽	2	左中右
3420	3421	爵	2	上下
3421	3422	朦	2	左右
3422	3423	臊	2	左右
3423	3424	鳄	2	左右
3424	3425	糜	2	左上包
3425	3426	癌	2	左上包
3426	3427	辫	1	左中右
3427	3428	赢	1	上中下
3428	3429	糟	1	左右
3429	3430	糠	1	左右
3430	3431	燥	1	左右
3431	3432	懦	2	左右
3432	3433	豁	2	左右
3433	3434	臀	2	上下
3434	3435	臂	1	上下
3435	3436	翼	1	上中下
3436	3437	骤	1	左右
3437	3438	藕	2	上下
3438	3439	鞭	1	左右
3439	3440	藤	2	上下
3440	3441	覆	1	上下
3441	3442	瞻	2	左右
3442	3443	蹦	1	左右
3443	3444	嚣	2	上中下
3444	3445	镰	1	左右
3445	3446	翻	1	左右
3446	3447	鳍	2	左右
3447	3448	鹰	1	左上包
3448	3449	癞	2	左上包
3449	3450	瀑	2	左右
3450	3451	襟	2	左右
3451	3452	璧	2	上下
3452	3453	戳	2	左右
3453	3454	攒	2	左右
3454	3455	孽	2	上中下
3455	3456	警	1	上下
3456	3457	蘑	2	上下
3457	3458	藻	2	上下
3458	3459	攀	1	上下
3459	3460	蹲	1	左右
3460	3461	蹭	2	左右
3461	3462	蹬	2	左右
3462	3463	簸	2	上下
3463	3464	簿	2	上下
3464	3465	蟹	2	上下
3465	3466	颤	1	左右
3466	3467	靡	2	左上包
3467	3468	癣	2	左上包
3468	3469	瓣	1	左中右
3469	3470	羹	2	上下
3470	3471	鳖	2	上下
3471	3472	爆	1	左右
3472	3473	疆	1	左右
3473	3474	鬓	2	上下
3474	3475	壤	1	左右
3475	3476	攘	2	左右
3476	3477	耀	1	左右
3477	3478	躁	1	左右
3478	3479	蠕	2	左右
3479	3480	嚼	1	左右
3480	3481	嚷	1	左右
3481	3482	巍	2	上下
3482	3483	籍	1	上下
3483	3484	鳞	2	左右
3484	3485	魔	1	左上包
3485	3486	糯	2	左右
3486	3487	灌	1	左右
3487	3488	譬	2	上下
3488	3489	蠢	1	上下
3489	3490	霸	1	上下
3490	3491	露	1	上下
3491	3492	霹	2	上下
3492	3493	躏	2	左右
3493	3494	髓	2	左右
3494	3495	蘸	2	上下
3495	3496	囊	1	上下
3496	3497	镶	2	左右
3497	3498	瓤	2	左右
3498	3499	罐	1	左右
3499	3500	矗	2	品字
